<?xml version="1.0" encoding="UTF-8"?>
<AssignmentRules xmlns="http://soap.sforce.com/2006/04/metadata">
    <assignmentRule>
        <fullName>Assign Case to Queue</fullName>
        <active>true</active>
        <ruleEntry>
            <assignedTo>ashish_salunkhe@persistent.com.sfhack</assignedTo>
            <assignedToType>User</assignedToType>
            <criteriaItems>
                <field>Case.Reason</field>
                <operation>equals</operation>
                <value>Login Issue</value>
            </criteriaItems>
            <criteriaItems>
                <field>Case.Status</field>
                <operation>equals</operation>
                <value>New</value>
            </criteriaItems>
        </ruleEntry>
        <ruleEntry>
            <assignedTo>Advanced_Cases</assignedTo>
            <assignedToType>Queue</assignedToType>
            <criteriaItems>
                <field>Case.Reason</field>
                <operation>equals</operation>
                <value>Payment Issue,Technical Issue</value>
            </criteriaItems>
        </ruleEntry>
        <ruleEntry>
            <assignedTo>ashish_salunkhe@persistent.com.sfhack</assignedTo>
            <assignedToType>User</assignedToType>
            <criteriaItems>
                <field>Case.Subject</field>
                <operation>contains</operation>
                <value>payment</value>
            </criteriaItems>
        </ruleEntry>
    </assignmentRule>
    <assignmentRule>
        <fullName>Standard</fullName>
        <active>false</active>
        <ruleEntry>
            <assignedTo>sf_psl_hackathon@august2021.com</assignedTo>
            <assignedToType>User</assignedToType>
            <criteriaItems>
                <field>Account.BillingCountry</field>
                <operation>equals</operation>
                <value>US,USA,United States,United States of America</value>
            </criteriaItems>
            <criteriaItems>
                <field>Account.SLA__c</field>
                <operation>equals</operation>
                <value>Gold,Platinum</value>
            </criteriaItems>
            <criteriaItems>
                <field>Account.Type</field>
                <operation>contains</operation>
                <value>Customer</value>
            </criteriaItems>
        </ruleEntry>
        <ruleEntry>
            <assignedTo>sf_psl_hackathon@august2021.com</assignedTo>
            <assignedToType>User</assignedToType>
            <criteriaItems>
                <field>Account.BillingCountry</field>
                <operation>equals</operation>
                <value>US,USA,United States,United States of America</value>
            </criteriaItems>
            <criteriaItems>
                <field>Account.SLA__c</field>
                <operation>equals</operation>
                <value>Silver,Bronze</value>
            </criteriaItems>
            <criteriaItems>
                <field>Account.Type</field>
                <operation>contains</operation>
                <value>Customer</value>
            </criteriaItems>
        </ruleEntry>
        <ruleEntry>
            <assignedTo>sf_psl_hackathon@august2021.com</assignedTo>
            <assignedToType>User</assignedToType>
            <criteriaItems>
                <field>Account.BillingCountry</field>
                <operation>notEqual</operation>
                <value>US,USA,United States,United States of America</value>
            </criteriaItems>
            <criteriaItems>
                <field>Account.SLA__c</field>
                <operation>equals</operation>
                <value>Gold,Platinum</value>
            </criteriaItems>
            <criteriaItems>
                <field>Account.Type</field>
                <operation>contains</operation>
                <value>Customer</value>
            </criteriaItems>
        </ruleEntry>
        <ruleEntry>
            <assignedTo>sf_psl_hackathon@august2021.com</assignedTo>
            <assignedToType>User</assignedToType>
            <criteriaItems>
                <field>Account.BillingCountry</field>
                <operation>notEqual</operation>
                <value>US,USA,United States,United States of America</value>
            </criteriaItems>
            <criteriaItems>
                <field>Account.SLA__c</field>
                <operation>equals</operation>
                <value>Silver,Bronze</value>
            </criteriaItems>
            <criteriaItems>
                <field>Account.Type</field>
                <operation>contains</operation>
                <value>Customer</value>
            </criteriaItems>
        </ruleEntry>
        <ruleEntry>
            <assignedTo>sf_psl_hackathon@august2021.com</assignedTo>
            <assignedToType>User</assignedToType>
            <criteriaItems>
                <field>Account.Type</field>
                <operation>contains</operation>
                <value>Partner</value>
            </criteriaItems>
        </ruleEntry>
    </assignmentRule>
</AssignmentRules>
