<?xml version="1.0" encoding="UTF-8"?>
<CustomLabels xmlns="http://soap.sforce.com/2006/04/metadata">
    <labels>
        <fullName>MapMyIndiaAPI</fullName>
        <language>en_US</language>
        <protected>true</protected>
        <shortDescription>MapMyIndiaAPI</shortDescription>
        <value>https://apis.mapmyindia.com/advancedmaps/api/fe813b03-14a1-4624-b5c9-3b4ee073ea7f/map_sdk?layer=vector&amp;v=2.0</value>
    </labels>
    <labels>
        <fullName>Max_Ticket_To_Book_Config</fullName>
        <language>en_US</language>
        <protected>true</protected>
        <shortDescription>Max Ticket To Book Config</shortDescription>
        <value>5</value>
    </labels>
    <labels>
        <fullName>MetroLinkPune_Active_Slots</fullName>
        <language>en_US</language>
        <protected>true</protected>
        <shortDescription>MetroLinkPune Active Slots</shortDescription>
        <value>Morning, Afternoon, Evening, Night</value>
    </labels>
    <labels>
        <fullName>Metro_Pass_Fare_Config</fullName>
        <language>en_US</language>
        <protected>false</protected>
        <shortDescription>Metro Pass Fare Config</shortDescription>
        <value>100</value>
    </labels>
    <labels>
        <fullName>Monthly_Pass_Discount</fullName>
        <language>en_US</language>
        <protected>true</protected>
        <shortDescription>Monthly Pass Discount</shortDescription>
        <value>10</value>
    </labels>
    <labels>
        <fullName>Standard_Ticket_Fare_Label</fullName>
        <language>en_US</language>
        <protected>true</protected>
        <shortDescription>Standard_Ticket_Fare_Label</shortDescription>
        <value>10</value>
    </labels>
    <labels>
        <fullName>ZomatoAPIKey</fullName>
        <language>en_US</language>
        <protected>true</protected>
        <shortDescription>ZomatoAPIKey</shortDescription>
        <value>ff2c8653dbc1fd9fecdca76c58999d5c</value>
    </labels>
    <labels>
        <fullName>Zomato_API_URL</fullName>
        <language>en_US</language>
        <protected>true</protected>
        <shortDescription>Zomato API URL</shortDescription>
        <value>https://developers.zomato.com/api/v2.1/</value>
    </labels>
</CustomLabels>
