{
  "status": 0,
  "result": [
    {
      "createdById": "0055g00000BDNwlAAH",
      "createdByName": "Megha Mane",
      "createdDate": "2021-07-26T18:05:54.000Z",
      "fileName": "pages/et4ae5__LeadActions.page",
      "fullName": "et4ae5__LeadActions",
      "id": "0665g00000F3W1KAAV",
      "lastModifiedById": "0055g00000BDNwlAAH",
      "lastModifiedByName": "Megha Mane",
      "lastModifiedDate": "2021-07-26T18:07:47.000Z",
      "manageableState": "installed",
      "namespacePrefix": "et4ae5",
      "type": "ApexPage"
    },
    {
      "createdById": "0055g00000BDNwlAAH",
      "createdByName": "Megha Mane",
      "createdDate": "2021-07-26T18:05:52.000Z",
      "fileName": "pages/et4ae5__BusinessUnitNoSendClassifications.page",
      "fullName": "et4ae5__BusinessUnitNoSendClassifications",
      "id": "0665g00000F3W0zAAF",
      "lastModifiedById": "0055g00000BDNwlAAH",
      "lastModifiedByName": "Megha Mane",
      "lastModifiedDate": "2021-07-26T18:07:42.000Z",
      "manageableState": "installed",
      "namespacePrefix": "et4ae5",
      "type": "ApexPage"
    },
    {
      "createdById": "0055g00000BDNwlAAH",
      "createdByName": "Megha Mane",
      "createdDate": "2021-07-26T18:05:55.000Z",
      "fileName": "pages/et4ae5__QAMode.page",
      "fullName": "et4ae5__QAMode",
      "id": "0665g00000F3W1QAAV",
      "lastModifiedById": "0055g00000BDNwlAAH",
      "lastModifiedByName": "Megha Mane",
      "lastModifiedDate": "2021-07-26T18:07:48.000Z",
      "manageableState": "installed",
      "namespacePrefix": "et4ae5",
      "type": "ApexPage"
    },
    {
      "createdById": "0055g00000BDNwlAAH",
      "createdByName": "Megha Mane",
      "createdDate": "2021-07-26T18:05:57.000Z",
      "fileName": "pages/et4ae5__emailThumbnailMobile.page",
      "fullName": "et4ae5__emailThumbnailMobile",
      "id": "0665g00000F3W1lAAF",
      "lastModifiedById": "0055g00000BDNwlAAH",
      "lastModifiedByName": "Megha Mane",
      "lastModifiedDate": "2021-07-26T18:07:59.000Z",
      "manageableState": "installed",
      "namespacePrefix": "et4ae5",
      "type": "ApexPage"
    },
    {
      "createdById": "0055g00000BDNwlAAH",
      "createdByName": "Megha Mane",
      "createdDate": "2021-07-26T18:05:53.000Z",
      "fileName": "pages/et4ae5__Config_CampaignMember.page",
      "fullName": "et4ae5__Config_CampaignMember",
      "id": "0665g00000F3W14AAF",
      "lastModifiedById": "0055g00000BDNwlAAH",
      "lastModifiedByName": "Megha Mane",
      "lastModifiedDate": "2021-07-26T18:07:43.000Z",
      "manageableState": "installed",
      "namespacePrefix": "et4ae5",
      "type": "ApexPage"
    },
    {
      "createdById": "0055g00000BDNwlAAH",
      "createdByName": "Megha Mane",
      "createdDate": "2021-07-26T18:05:58.000Z",
      "fileName": "pages/et4ae5__sendAutomation.page",
      "fullName": "et4ae5__sendAutomation",
      "id": "0665g00000F3W1vAAF",
      "lastModifiedById": "0055g00000BDNwlAAH",
      "lastModifiedByName": "Megha Mane",
      "lastModifiedDate": "2021-07-26T18:08:02.000Z",
      "manageableState": "installed",
      "namespacePrefix": "et4ae5",
      "type": "ApexPage"
    },
    {
      "createdById": "0055g00000BDNwlAAH",
      "createdByName": "Megha Mane",
      "createdDate": "2021-07-26T18:05:53.000Z",
      "fileName": "pages/et4ae5__CampaignsNotEnabled.page",
      "fullName": "et4ae5__CampaignsNotEnabled",
      "id": "0665g00000F3W12AAF",
      "lastModifiedById": "0055g00000BDNwlAAH",
      "lastModifiedByName": "Megha Mane",
      "lastModifiedDate": "2021-07-26T18:07:43.000Z",
      "manageableState": "installed",
      "namespacePrefix": "et4ae5",
      "type": "ApexPage"
    },
    {
      "createdById": "0055g00000BDNwlAAH",
      "createdByName": "Megha Mane",
      "createdDate": "2021-07-23T14:51:11.000Z",
      "fileName": "pages/SiteTemplate.page",
      "fullName": "SiteTemplate",
      "id": "0665g00000F2uaUAAR",
      "lastModifiedById": "0055g00000BDNwlAAH",
      "lastModifiedByName": "Megha Mane",
      "lastModifiedDate": "2021-07-23T14:51:13.000Z",
      "manageableState": "unmanaged",
      "type": "ApexPage"
    },
    {
      "createdById": "0055g00000BDNwlAAH",
      "createdByName": "Megha Mane",
      "createdDate": "2021-07-26T18:05:54.000Z",
      "fileName": "pages/et4ae5__IntegrationNotConfigured.page",
      "fullName": "et4ae5__IntegrationNotConfigured",
      "id": "0665g00000F3W1IAAV",
      "lastModifiedById": "0055g00000BDNwlAAH",
      "lastModifiedByName": "Megha Mane",
      "lastModifiedDate": "2021-07-26T18:07:46.000Z",
      "manageableState": "installed",
      "namespacePrefix": "et4ae5",
      "type": "ApexPage"
    },
    {
      "createdById": "0055g00000BDNwlAAH",
      "createdByName": "Megha Mane",
      "createdDate": "2021-07-26T18:05:55.000Z",
      "fileName": "pages/et4ae5__SubscriberAnalytics.page",
      "fullName": "et4ae5__SubscriberAnalytics",
      "id": "0665g00000F3W1VAAV",
      "lastModifiedById": "0055g00000BDNwlAAH",
      "lastModifiedByName": "Megha Mane",
      "lastModifiedDate": "2021-07-26T18:07:52.000Z",
      "manageableState": "installed",
      "namespacePrefix": "et4ae5",
      "type": "ApexPage"
    },
    {
      "createdById": "0055g00000BDNwlAAH",
      "createdByName": "Megha Mane",
      "createdDate": "2021-07-26T18:05:54.000Z",
      "fileName": "pages/et4ae5__JBLightningText.page",
      "fullName": "et4ae5__JBLightningText",
      "id": "0665g00000F3W1JAAV",
      "lastModifiedById": "0055g00000BDNwlAAH",
      "lastModifiedByName": "Megha Mane",
      "lastModifiedDate": "2021-07-26T18:05:54.000Z",
      "manageableState": "installed",
      "namespacePrefix": "et4ae5",
      "type": "ApexPage"
    },
    {
      "createdById": "0055g00000BDNwlAAH",
      "createdByName": "Megha Mane",
      "createdDate": "2021-07-26T18:05:57.000Z",
      "fileName": "pages/et4ae5__manageReplyTo.page",
      "fullName": "et4ae5__manageReplyTo",
      "id": "0665g00000F3W1oAAF",
      "lastModifiedById": "0055g00000BDNwlAAH",
      "lastModifiedByName": "Megha Mane",
      "lastModifiedDate": "2021-07-26T18:08:00.000Z",
      "manageableState": "installed",
      "namespacePrefix": "et4ae5",
      "type": "ApexPage"
    },
    {
      "createdById": "0055g00000BDNwlAAH",
      "createdByName": "Megha Mane",
      "createdDate": "2021-07-23T14:51:11.000Z",
      "fileName": "pages/CommunitiesLogin.page",
      "fullName": "CommunitiesLogin",
      "id": "0665g00000F2uaeAAB",
      "lastModifiedById": "0055g00000BDNwlAAH",
      "lastModifiedByName": "Megha Mane",
      "lastModifiedDate": "2021-07-23T14:51:12.000Z",
      "manageableState": "unmanaged",
      "type": "ApexPage"
    },
    {
      "createdById": "0055g00000BDNwlAAH",
      "createdByName": "Megha Mane",
      "createdDate": "2021-07-26T18:05:57.000Z",
      "fileName": "pages/et4ae5__etFooter.page",
      "fullName": "et4ae5__etFooter",
      "id": "0665g00000F3W1mAAF",
      "lastModifiedById": "0055g00000BDNwlAAH",
      "lastModifiedByName": "Megha Mane",
      "lastModifiedDate": "2021-07-26T18:05:57.000Z",
      "manageableState": "installed",
      "namespacePrefix": "et4ae5",
      "type": "ApexPage"
    },
    {
      "createdById": "0055g00000BDNwlAAH",
      "createdByName": "Megha Mane",
      "createdDate": "2021-07-26T18:05:54.000Z",
      "fileName": "pages/et4ae5__MarketingCloudSettings.page",
      "fullName": "et4ae5__MarketingCloudSettings",
      "id": "0665g00000F3W1MAAV",
      "lastModifiedById": "0055g00000BDNwlAAH",
      "lastModifiedByName": "Megha Mane",
      "lastModifiedDate": "2021-07-26T18:07:47.000Z",
      "manageableState": "installed",
      "namespacePrefix": "et4ae5",
      "type": "ApexPage"
    },
    {
      "createdById": "0055g00000BDNwlAAH",
      "createdByName": "Megha Mane",
      "createdDate": "2021-07-26T18:05:54.000Z",
      "fileName": "pages/et4ae5__IndividualEmailResultActions.page",
      "fullName": "et4ae5__IndividualEmailResultActions",
      "id": "0665g00000F3W1GAAV",
      "lastModifiedById": "0055g00000BDNwlAAH",
      "lastModifiedByName": "Megha Mane",
      "lastModifiedDate": "2021-07-26T18:07:46.000Z",
      "manageableState": "installed",
      "namespacePrefix": "et4ae5",
      "type": "ApexPage"
    },
    {
      "createdById": "0055g00000BDNwlAAH",
      "createdByName": "Megha Mane",
      "createdDate": "2021-07-26T18:05:57.000Z",
      "fileName": "pages/et4ae5__ierImage.page",
      "fullName": "et4ae5__ierImage",
      "id": "0665g00000F3W1nAAF",
      "lastModifiedById": "0055g00000BDNwlAAH",
      "lastModifiedByName": "Megha Mane",
      "lastModifiedDate": "2021-07-26T18:08:00.000Z",
      "manageableState": "installed",
      "namespacePrefix": "et4ae5",
      "type": "ApexPage"
    },
    {
      "createdById": "0055g00000BDNwlAAH",
      "createdByName": "Megha Mane",
      "createdDate": "2021-07-26T18:05:53.000Z",
      "fileName": "pages/et4ae5__ContactActions.page",
      "fullName": "et4ae5__ContactActions",
      "id": "0665g00000F3W18AAF",
      "lastModifiedById": "0055g00000BDNwlAAH",
      "lastModifiedByName": "Megha Mane",
      "lastModifiedDate": "2021-07-26T18:07:44.000Z",
      "manageableState": "installed",
      "namespacePrefix": "et4ae5",
      "type": "ApexPage"
    },
    {
      "createdById": "0055g00000BDNwlAAH",
      "createdByName": "Megha Mane",
      "createdDate": "2021-07-23T14:51:11.000Z",
      "fileName": "pages/IdeasHome.page",
      "fullName": "IdeasHome",
      "id": "0665g00000F2uabAAB",
      "lastModifiedById": "0055g00000BDNwlAAH",
      "lastModifiedByName": "Megha Mane",
      "lastModifiedDate": "2021-07-23T14:51:11.000Z",
      "manageableState": "unmanaged",
      "type": "ApexPage"
    },
    {
      "createdById": "0055g00000BDNwlAAH",
      "createdByName": "Megha Mane",
      "createdDate": "2021-07-26T18:05:53.000Z",
      "fileName": "pages/et4ae5__EmailCleanupActionPage.page",
      "fullName": "et4ae5__EmailCleanupActionPage",
      "id": "0665g00000F3W1BAAV",
      "lastModifiedById": "0055g00000BDNwlAAH",
      "lastModifiedByName": "Megha Mane",
      "lastModifiedDate": "2021-07-26T18:07:45.000Z",
      "manageableState": "installed",
      "namespacePrefix": "et4ae5",
      "type": "ApexPage"
    },
    {
      "createdById": "0055g00000BDNwlAAH",
      "createdByName": "Megha Mane",
      "createdDate": "2021-07-26T18:05:58.000Z",
      "fileName": "pages/et4ae5__supportRequest.page",
      "fullName": "et4ae5__supportRequest",
      "id": "0665g00000F3W1yAAF",
      "lastModifiedById": "0055g00000BDNwlAAH",
      "lastModifiedByName": "Megha Mane",
      "lastModifiedDate": "2021-07-26T18:08:03.000Z",
      "manageableState": "installed",
      "namespacePrefix": "et4ae5",
      "type": "ApexPage"
    },
    {
      "createdById": "0055g00000BDNwlAAH",
      "createdByName": "Megha Mane",
      "createdDate": "2021-07-23T14:51:11.000Z",
      "fileName": "pages/BandwidthExceeded.page",
      "fullName": "BandwidthExceeded",
      "id": "0665g00000F2uaWAAR",
      "lastModifiedById": "0055g00000BDNwlAAH",
      "lastModifiedByName": "Megha Mane",
      "lastModifiedDate": "2021-07-23T14:51:11.000Z",
      "manageableState": "unmanaged",
      "type": "ApexPage"
    },
    {
      "createdById": "0055g00000BDNwlAAH",
      "createdByName": "Megha Mane",
      "createdDate": "2021-07-26T18:05:54.000Z",
      "fileName": "pages/et4ae5__IntegrateMarketingCloudUser.page",
      "fullName": "et4ae5__IntegrateMarketingCloudUser",
      "id": "0665g00000F3W1HAAV",
      "lastModifiedById": "0055g00000BDNwlAAH",
      "lastModifiedByName": "Megha Mane",
      "lastModifiedDate": "2021-07-26T18:07:46.000Z",
      "manageableState": "installed",
      "namespacePrefix": "et4ae5",
      "type": "ApexPage"
    },
    {
      "createdById": "0055g00000BDNwlAAH",
      "createdByName": "Megha Mane",
      "createdDate": "2021-07-26T18:05:53.000Z",
      "fileName": "pages/et4ae5__ETSwitchboard.page",
      "fullName": "et4ae5__ETSwitchboard",
      "id": "0665g00000F3W19AAF",
      "lastModifiedById": "0055g00000BDNwlAAH",
      "lastModifiedByName": "Megha Mane",
      "lastModifiedDate": "2021-07-26T18:07:45.000Z",
      "manageableState": "installed",
      "namespacePrefix": "et4ae5",
      "type": "ApexPage"
    },
    {
      "createdById": "0055g00000BDNwlAAH",
      "createdByName": "Megha Mane",
      "createdDate": "2021-07-23T14:51:11.000Z",
      "fileName": "pages/FileNotFound.page",
      "fullName": "FileNotFound",
      "id": "0665g00000F2uaVAAR",
      "lastModifiedById": "0055g00000BDNwlAAH",
      "lastModifiedByName": "Megha Mane",
      "lastModifiedDate": "2021-07-23T14:51:13.000Z",
      "manageableState": "unmanaged",
      "type": "ApexPage"
    },
    {
      "createdById": "0055g00000BDNwlAAH",
      "createdByName": "Megha Mane",
      "createdDate": "2021-07-26T18:05:57.000Z",
      "fileName": "pages/et4ae5__connectionError.page",
      "fullName": "et4ae5__connectionError",
      "id": "0665g00000F3W1jAAF",
      "lastModifiedById": "0055g00000BDNwlAAH",
      "lastModifiedByName": "Megha Mane",
      "lastModifiedDate": "2021-07-26T18:07:59.000Z",
      "manageableState": "installed",
      "namespacePrefix": "et4ae5",
      "type": "ApexPage"
    },
    {
      "createdById": "0055g00000BDNwlAAH",
      "createdByName": "Megha Mane",
      "createdDate": "2021-07-26T18:05:58.000Z",
      "fileName": "pages/et4ae5__needCustomSetting.page",
      "fullName": "et4ae5__needCustomSetting",
      "id": "0665g00000F3W1pAAF",
      "lastModifiedById": "0055g00000BDNwlAAH",
      "lastModifiedByName": "Megha Mane",
      "lastModifiedDate": "2021-07-26T18:08:00.000Z",
      "manageableState": "installed",
      "namespacePrefix": "et4ae5",
      "type": "ApexPage"
    },
    {
      "createdById": "0055g00000BDNwlAAH",
      "createdByName": "Megha Mane",
      "createdDate": "2021-07-26T18:05:53.000Z",
      "fileName": "pages/et4ae5__Config_View.page",
      "fullName": "et4ae5__Config_View",
      "id": "0665g00000F3W17AAF",
      "lastModifiedById": "0055g00000BDNwlAAH",
      "lastModifiedByName": "Megha Mane",
      "lastModifiedDate": "2021-07-26T18:07:44.000Z",
      "manageableState": "installed",
      "namespacePrefix": "et4ae5",
      "type": "ApexPage"
    },
    {
      "createdById": "0055g00000BDNwlAAH",
      "createdByName": "Megha Mane",
      "createdDate": "2021-07-26T18:05:54.000Z",
      "fileName": "pages/et4ae5__OAuthRedirect.page",
      "fullName": "et4ae5__OAuthRedirect",
      "id": "0665g00000F3W1PAAV",
      "lastModifiedById": "0055g00000BDNwlAAH",
      "lastModifiedByName": "Megha Mane",
      "lastModifiedDate": "2021-07-26T18:07:48.000Z",
      "manageableState": "installed",
      "namespacePrefix": "et4ae5",
      "type": "ApexPage"
    },
    {
      "createdById": "0055g00000BDNwlAAH",
      "createdByName": "Megha Mane",
      "createdDate": "2021-07-23T14:51:11.000Z",
      "fileName": "pages/CommunitiesSelfRegConfirm.page",
      "fullName": "CommunitiesSelfRegConfirm",
      "id": "0665g00000F2uahAAB",
      "lastModifiedById": "0055g00000BDNwlAAH",
      "lastModifiedByName": "Megha Mane",
      "lastModifiedDate": "2021-07-23T14:51:13.000Z",
      "manageableState": "unmanaged",
      "type": "ApexPage"
    },
    {
      "createdById": "0055g00000BDNwlAAH",
      "createdByName": "Megha Mane",
      "createdDate": "2021-07-26T18:05:57.000Z",
      "fileName": "pages/et4ae5__chartTrigSendPerformance.page",
      "fullName": "et4ae5__chartTrigSendPerformance",
      "id": "0665g00000F3W1iAAF",
      "lastModifiedById": "0055g00000BDNwlAAH",
      "lastModifiedByName": "Megha Mane",
      "lastModifiedDate": "2021-07-26T18:07:59.000Z",
      "manageableState": "installed",
      "namespacePrefix": "et4ae5",
      "type": "ApexPage"
    },
    {
      "createdById": "0055g00000BDNwlAAH",
      "createdByName": "Megha Mane",
      "createdDate": "2021-07-26T18:05:57.000Z",
      "fileName": "pages/et4ae5__automationList.page",
      "fullName": "et4ae5__automationList",
      "id": "0665g00000F3W1gAAF",
      "lastModifiedById": "0055g00000BDNwlAAH",
      "lastModifiedByName": "Megha Mane",
      "lastModifiedDate": "2021-07-26T18:07:58.000Z",
      "manageableState": "installed",
      "namespacePrefix": "et4ae5",
      "type": "ApexPage"
    },
    {
      "createdById": "0055g00000BDNwlAAH",
      "createdByName": "Megha Mane",
      "createdDate": "2021-07-23T14:51:11.000Z",
      "fileName": "pages/CommunitiesSelfReg.page",
      "fullName": "CommunitiesSelfReg",
      "id": "0665g00000F2uagAAB",
      "lastModifiedById": "0055g00000BDNwlAAH",
      "lastModifiedByName": "Megha Mane",
      "lastModifiedDate": "2021-07-23T14:51:12.000Z",
      "manageableState": "unmanaged",
      "type": "ApexPage"
    },
    {
      "createdById": "0055g00000BDNwlAAH",
      "createdByName": "Megha Mane",
      "createdDate": "2021-07-26T18:05:57.000Z",
      "fileName": "pages/et4ae5__emailLinkageList.page",
      "fullName": "et4ae5__emailLinkageList",
      "id": "0665g00000F3W1kAAF",
      "lastModifiedById": "0055g00000BDNwlAAH",
      "lastModifiedByName": "Megha Mane",
      "lastModifiedDate": "2021-07-26T18:07:59.000Z",
      "manageableState": "installed",
      "namespacePrefix": "et4ae5",
      "type": "ApexPage"
    },
    {
      "createdById": "0055g00000BDNwlAAH",
      "createdByName": "Megha Mane",
      "createdDate": "2021-07-23T14:51:11.000Z",
      "fileName": "pages/StdExceptionTemplate.page",
      "fullName": "StdExceptionTemplate",
      "id": "0665g00000F2uaTAAR",
      "lastModifiedById": "0055g00000BDNwlAAH",
      "lastModifiedByName": "Megha Mane",
      "lastModifiedDate": "2021-07-23T14:51:13.000Z",
      "manageableState": "unmanaged",
      "type": "ApexPage"
    },
    {
      "createdById": "0055g00000BDNwlAAH",
      "createdByName": "Megha Mane",
      "createdDate": "2021-07-26T18:05:56.000Z",
      "fileName": "pages/et4ae5__UserNotIntegrated.page",
      "fullName": "et4ae5__UserNotIntegrated",
      "id": "0665g00000F3W1dAAF",
      "lastModifiedById": "0055g00000BDNwlAAH",
      "lastModifiedByName": "Megha Mane",
      "lastModifiedDate": "2021-07-26T18:07:56.000Z",
      "manageableState": "installed",
      "namespacePrefix": "et4ae5",
      "type": "ApexPage"
    },
    {
      "createdById": "0055g00000BDNwlAAH",
      "createdByName": "Megha Mane",
      "createdDate": "2021-07-23T14:51:11.000Z",
      "fileName": "pages/AnswersHome.page",
      "fullName": "AnswersHome",
      "id": "0665g00000F2uacAAB",
      "lastModifiedById": "0055g00000BDNwlAAH",
      "lastModifiedByName": "Megha Mane",
      "lastModifiedDate": "2021-07-23T14:51:11.000Z",
      "manageableState": "unmanaged",
      "type": "ApexPage"
    },
    {
      "createdById": "0055g00000BDNwlAAH",
      "createdByName": "Megha Mane",
      "createdDate": "2021-07-26T18:05:52.000Z",
      "fileName": "pages/et4ae5__AccountActions.page",
      "fullName": "et4ae5__AccountActions",
      "id": "0665g00000F3W0vAAF",
      "lastModifiedById": "0055g00000BDNwlAAH",
      "lastModifiedByName": "Megha Mane",
      "lastModifiedDate": "2021-07-26T18:07:42.000Z",
      "manageableState": "installed",
      "namespacePrefix": "et4ae5",
      "type": "ApexPage"
    },
    {
      "createdById": "0055g00000BDNwlAAH",
      "createdByName": "Megha Mane",
      "createdDate": "2021-07-26T18:05:53.000Z",
      "fileName": "pages/et4ae5__EmailCleanupPage.page",
      "fullName": "et4ae5__EmailCleanupPage",
      "id": "0665g00000F3W1DAAV",
      "lastModifiedById": "0055g00000BDNwlAAH",
      "lastModifiedByName": "Megha Mane",
      "lastModifiedDate": "2021-07-26T18:07:45.000Z",
      "manageableState": "installed",
      "namespacePrefix": "et4ae5",
      "type": "ApexPage"
    },
    {
      "createdById": "0055g00000BDNwlAAH",
      "createdByName": "Megha Mane",
      "createdDate": "2021-07-26T18:05:58.000Z",
      "fileName": "pages/et4ae5__noSendTypes.page",
      "fullName": "et4ae5__noSendTypes",
      "id": "0665g00000F3W1qAAF",
      "lastModifiedById": "0055g00000BDNwlAAH",
      "lastModifiedByName": "Megha Mane",
      "lastModifiedDate": "2021-07-26T18:08:00.000Z",
      "manageableState": "installed",
      "namespacePrefix": "et4ae5",
      "type": "ApexPage"
    },
    {
      "createdById": "0055g00000BDNwlAAH",
      "createdByName": "Megha Mane",
      "createdDate": "2021-07-24T05:05:21.000Z",
      "fileName": "pages/Web_Chat.page",
      "fullName": "Web_Chat",
      "id": "0665g00000F2xyuAAB",
      "lastModifiedById": "0055g00000BDNwlAAH",
      "lastModifiedByName": "Megha Mane",
      "lastModifiedDate": "2021-07-24T05:05:21.000Z",
      "manageableState": "unmanaged",
      "type": "ApexPage"
    },
    {
      "createdById": "0055g00000BDNwlAAH",
      "createdByName": "Megha Mane",
      "createdDate": "2021-07-23T14:51:11.000Z",
      "fileName": "pages/CommunitiesTemplate.page",
      "fullName": "CommunitiesTemplate",
      "id": "0665g00000F2uadAAB",
      "lastModifiedById": "0055g00000BDNwlAAH",
      "lastModifiedByName": "Megha Mane",
      "lastModifiedDate": "2021-07-23T14:51:12.000Z",
      "manageableState": "unmanaged",
      "type": "ApexPage"
    },
    {
      "createdById": "0055g00000BDNwlAAH",
      "createdByName": "Megha Mane",
      "createdDate": "2021-07-23T14:51:08.000Z",
      "fileName": "pages/SiteLogin.page",
      "fullName": "SiteLogin",
      "id": "0665g00000F2uaPAAR",
      "lastModifiedById": "0055g00000BDNwlAAH",
      "lastModifiedByName": "Megha Mane",
      "lastModifiedDate": "2021-07-23T14:51:13.000Z",
      "manageableState": "unmanaged",
      "type": "ApexPage"
    },
    {
      "createdById": "0055g00000BDNwlAAH",
      "createdByName": "Megha Mane",
      "createdDate": "2021-07-26T18:05:56.000Z",
      "fileName": "pages/et4ae5__UserNoBusinessUnits.page",
      "fullName": "et4ae5__UserNoBusinessUnits",
      "id": "0665g00000F3W1bAAF",
      "lastModifiedById": "0055g00000BDNwlAAH",
      "lastModifiedByName": "Megha Mane",
      "lastModifiedDate": "2021-07-26T18:07:53.000Z",
      "manageableState": "installed",
      "namespacePrefix": "et4ae5",
      "type": "ApexPage"
    },
    {
      "createdById": "0055g00000BDNwlAAH",
      "createdByName": "Megha Mane",
      "createdDate": "2021-07-26T18:05:56.000Z",
      "fileName": "pages/et4ae5__UserNotETIntegrated.page",
      "fullName": "et4ae5__UserNotETIntegrated",
      "id": "0665g00000F3W1cAAF",
      "lastModifiedById": "0055g00000BDNwlAAH",
      "lastModifiedByName": "Megha Mane",
      "lastModifiedDate": "2021-07-26T18:07:56.000Z",
      "manageableState": "installed",
      "namespacePrefix": "et4ae5",
      "type": "ApexPage"
    },
    {
      "createdById": "0055g00000BDNwlAAH",
      "createdByName": "Megha Mane",
      "createdDate": "2021-07-23T14:51:08.000Z",
      "fileName": "pages/ChangePassword.page",
      "fullName": "ChangePassword",
      "id": "0665g00000F2uaNAAR",
      "lastModifiedById": "0055g00000BDNwlAAH",
      "lastModifiedByName": "Megha Mane",
      "lastModifiedDate": "2021-07-23T14:51:12.000Z",
      "manageableState": "unmanaged",
      "type": "ApexPage"
    },
    {
      "createdById": "0055g00000BDNwlAAH",
      "createdByName": "Megha Mane",
      "createdDate": "2021-07-26T18:05:52.000Z",
      "fileName": "pages/et4ae5__ABTestDetail.page",
      "fullName": "et4ae5__ABTestDetail",
      "id": "0665g00000F3W0tAAF",
      "lastModifiedById": "0055g00000BDNwlAAH",
      "lastModifiedByName": "Megha Mane",
      "lastModifiedDate": "2021-07-26T18:07:41.000Z",
      "manageableState": "installed",
      "namespacePrefix": "et4ae5",
      "type": "ApexPage"
    },
    {
      "createdById": "0055g00000BDNwlAAH",
      "createdByName": "Megha Mane",
      "createdDate": "2021-07-23T14:51:11.000Z",
      "fileName": "pages/Unauthorized.page",
      "fullName": "Unauthorized",
      "id": "0665g00000F2uaZAAR",
      "lastModifiedById": "0055g00000BDNwlAAH",
      "lastModifiedByName": "Megha Mane",
      "lastModifiedDate": "2021-07-23T14:51:13.000Z",
      "manageableState": "unmanaged",
      "type": "ApexPage"
    },
    {
      "createdById": "0055g00000BDNwlAAH",
      "createdByName": "Megha Mane",
      "createdDate": "2021-07-26T18:05:53.000Z",
      "fileName": "pages/et4ae5__ChangeAPIUser.page",
      "fullName": "et4ae5__ChangeAPIUser",
      "id": "0665g00000F3W13AAF",
      "lastModifiedById": "0055g00000BDNwlAAH",
      "lastModifiedByName": "Megha Mane",
      "lastModifiedDate": "2021-07-26T18:07:43.000Z",
      "manageableState": "installed",
      "namespacePrefix": "et4ae5",
      "type": "ApexPage"
    },
    {
      "createdById": "0055g00000BDNwlAAH",
      "createdByName": "Megha Mane",
      "createdDate": "2021-07-23T14:51:11.000Z",
      "fileName": "pages/UnderConstruction.page",
      "fullName": "UnderConstruction",
      "id": "0665g00000F2uaaAAB",
      "lastModifiedById": "0055g00000BDNwlAAH",
      "lastModifiedByName": "Megha Mane",
      "lastModifiedDate": "2021-07-23T14:51:11.000Z",
      "manageableState": "unmanaged",
      "type": "ApexPage"
    },
    {
      "createdById": "0055g00000BDNwlAAH",
      "createdByName": "Megha Mane",
      "createdDate": "2021-07-26T18:05:52.000Z",
      "fileName": "pages/et4ae5__ABTestList.page",
      "fullName": "et4ae5__ABTestList",
      "id": "0665g00000F3W0uAAF",
      "lastModifiedById": "0055g00000BDNwlAAH",
      "lastModifiedByName": "Megha Mane",
      "lastModifiedDate": "2021-07-26T18:07:41.000Z",
      "manageableState": "installed",
      "namespacePrefix": "et4ae5",
      "type": "ApexPage"
    },
    {
      "createdById": "0055g00000BDNwlAAH",
      "createdByName": "Megha Mane",
      "createdDate": "2021-07-26T18:05:56.000Z",
      "fileName": "pages/et4ae5__UserErrorTemplate.page",
      "fullName": "et4ae5__UserErrorTemplate",
      "id": "0665g00000F3W1ZAAV",
      "lastModifiedById": "0055g00000BDNwlAAH",
      "lastModifiedByName": "Megha Mane",
      "lastModifiedDate": "2021-07-26T18:07:52.000Z",
      "manageableState": "installed",
      "namespacePrefix": "et4ae5",
      "type": "ApexPage"
    },
    {
      "createdById": "0055g00000BDNwlAAH",
      "createdByName": "Megha Mane",
      "createdDate": "2021-07-26T18:05:54.000Z",
      "fileName": "pages/et4ae5__MobileSendActions.page",
      "fullName": "et4ae5__MobileSendActions",
      "id": "0665g00000F3W1OAAV",
      "lastModifiedById": "0055g00000BDNwlAAH",
      "lastModifiedByName": "Megha Mane",
      "lastModifiedDate": "2021-07-26T18:07:48.000Z",
      "manageableState": "installed",
      "namespacePrefix": "et4ae5",
      "type": "ApexPage"
    },
    {
      "createdById": "0055g00000BDNwlAAH",
      "createdByName": "Megha Mane",
      "createdDate": "2021-07-23T14:51:08.000Z",
      "fileName": "pages/SiteRegisterConfirm.page",
      "fullName": "SiteRegisterConfirm",
      "id": "0665g00000F2uaRAAR",
      "lastModifiedById": "0055g00000BDNwlAAH",
      "lastModifiedByName": "Megha Mane",
      "lastModifiedDate": "2021-07-23T14:51:13.000Z",
      "manageableState": "unmanaged",
      "type": "ApexPage"
    },
    {
      "createdById": "0055g00000BDNwlAAH",
      "createdByName": "Megha Mane",
      "createdDate": "2021-07-26T18:05:55.000Z",
      "fileName": "pages/et4ae5__SingleSendETMobile.page",
      "fullName": "et4ae5__SingleSendETMobile",
      "id": "0665g00000F3W1UAAV",
      "lastModifiedById": "0055g00000BDNwlAAH",
      "lastModifiedByName": "Megha Mane",
      "lastModifiedDate": "2021-07-26T18:07:51.000Z",
      "manageableState": "installed",
      "namespacePrefix": "et4ae5",
      "type": "ApexPage"
    },
    {
      "createdById": "0055g00000BDNwlAAH",
      "createdByName": "Megha Mane",
      "createdDate": "2021-07-26T18:05:58.000Z",
      "fileName": "pages/et4ae5__requestTracking.page",
      "fullName": "et4ae5__requestTracking",
      "id": "0665g00000F3W1uAAF",
      "lastModifiedById": "0055g00000BDNwlAAH",
      "lastModifiedByName": "Megha Mane",
      "lastModifiedDate": "2021-07-26T18:08:01.000Z",
      "manageableState": "installed",
      "namespacePrefix": "et4ae5",
      "type": "ApexPage"
    },
    {
      "createdById": "0055g00000BDuuxAAD",
      "createdByName": "Ashish Salunkhe",
      "createdDate": "2021-07-25T08:45:13.000Z",
      "fileName": "pages/ScheduleVF.page",
      "fullName": "ScheduleVF",
      "id": "0665g00000F38hJAAR",
      "lastModifiedById": "0055g00000BDuuxAAD",
      "lastModifiedByName": "Ashish Salunkhe",
      "lastModifiedDate": "2021-07-25T08:45:13.000Z",
      "manageableState": "unmanaged",
      "type": "ApexPage"
    },
    {
      "createdById": "0055g00000BDNwlAAH",
      "createdByName": "Megha Mane",
      "createdDate": "2021-07-26T18:05:54.000Z",
      "fileName": "pages/et4ae5__ExactTarget.page",
      "fullName": "et4ae5__ExactTarget",
      "id": "0665g00000F3W1FAAV",
      "lastModifiedById": "0055g00000BDNwlAAH",
      "lastModifiedByName": "Megha Mane",
      "lastModifiedDate": "2021-07-26T18:05:54.000Z",
      "manageableState": "installed",
      "namespacePrefix": "et4ae5",
      "type": "ApexPage"
    },
    {
      "createdById": "0055g00000BDNwlAAH",
      "createdByName": "Megha Mane",
      "createdDate": "2021-07-26T18:05:58.000Z",
      "fileName": "pages/et4ae5__sendETMobile.page",
      "fullName": "et4ae5__sendETMobile",
      "id": "0665g00000F3W1wAAF",
      "lastModifiedById": "0055g00000BDNwlAAH",
      "lastModifiedByName": "Megha Mane",
      "lastModifiedDate": "2021-07-26T18:08:02.000Z",
      "manageableState": "installed",
      "namespacePrefix": "et4ae5",
      "type": "ApexPage"
    },
    {
      "createdById": "0055g00000BDNwlAAH",
      "createdByName": "Megha Mane",
      "createdDate": "2021-07-26T18:05:54.000Z",
      "fileName": "pages/et4ae5__MarketingCloudConfiguration.page",
      "fullName": "et4ae5__MarketingCloudConfiguration",
      "id": "0665g00000F3W1LAAV",
      "lastModifiedById": "0055g00000BDNwlAAH",
      "lastModifiedByName": "Megha Mane",
      "lastModifiedDate": "2021-07-26T18:07:47.000Z",
      "manageableState": "installed",
      "namespacePrefix": "et4ae5",
      "type": "ApexPage"
    },
    {
      "createdById": "0055g00000BDNwlAAH",
      "createdByName": "Megha Mane",
      "createdDate": "2021-07-26T18:05:55.000Z",
      "fileName": "pages/et4ae5__TriggeredSendActions.page",
      "fullName": "et4ae5__TriggeredSendActions",
      "id": "0665g00000F3W1XAAV",
      "lastModifiedById": "0055g00000BDNwlAAH",
      "lastModifiedByName": "Megha Mane",
      "lastModifiedDate": "2021-07-26T18:07:52.000Z",
      "manageableState": "installed",
      "namespacePrefix": "et4ae5",
      "type": "ApexPage"
    },
    {
      "createdById": "0055g00000BDNwlAAH",
      "createdByName": "Megha Mane",
      "createdDate": "2021-07-26T18:05:52.000Z",
      "fileName": "pages/et4ae5__BusinessUnitHold.page",
      "fullName": "et4ae5__BusinessUnitHold",
      "id": "0665g00000F3W0wAAF",
      "lastModifiedById": "0055g00000BDNwlAAH",
      "lastModifiedByName": "Megha Mane",
      "lastModifiedDate": "2021-07-26T18:07:42.000Z",
      "manageableState": "installed",
      "namespacePrefix": "et4ae5",
      "type": "ApexPage"
    },
    {
      "createdById": "0055g00000BDNwlAAH",
      "createdByName": "Megha Mane",
      "createdDate": "2021-07-23T14:51:11.000Z",
      "fileName": "pages/Exception.page",
      "fullName": "Exception",
      "id": "0665g00000F2uaXAAR",
      "lastModifiedById": "0055g00000BDNwlAAH",
      "lastModifiedByName": "Megha Mane",
      "lastModifiedDate": "2021-07-23T14:51:13.000Z",
      "manageableState": "unmanaged",
      "type": "ApexPage"
    },
    {
      "createdById": "0055g00000BDNwlAAH",
      "createdByName": "Megha Mane",
      "createdDate": "2021-07-26T18:05:53.000Z",
      "fileName": "pages/et4ae5__CampaignMemberHistory.page",
      "fullName": "et4ae5__CampaignMemberHistory",
      "id": "0665g00000F3W11AAF",
      "lastModifiedById": "0055g00000BDNwlAAH",
      "lastModifiedByName": "Megha Mane",
      "lastModifiedDate": "2021-07-26T18:07:43.000Z",
      "manageableState": "installed",
      "namespacePrefix": "et4ae5",
      "type": "ApexPage"
    },
    {
      "createdById": "0055g00000BDNwlAAH",
      "createdByName": "Megha Mane",
      "createdDate": "2021-07-26T18:05:54.000Z",
      "fileName": "pages/et4ae5__MobileConnectNotEnabled.page",
      "fullName": "et4ae5__MobileConnectNotEnabled",
      "id": "0665g00000F3W1NAAV",
      "lastModifiedById": "0055g00000BDNwlAAH",
      "lastModifiedByName": "Megha Mane",
      "lastModifiedDate": "2021-07-26T18:07:47.000Z",
      "manageableState": "installed",
      "namespacePrefix": "et4ae5",
      "type": "ApexPage"
    },
    {
      "createdById": "0055g00000BDNwlAAH",
      "createdByName": "Megha Mane",
      "createdDate": "2021-07-26T18:05:58.000Z",
      "fileName": "pages/et4ae5__redirectNewSendDef.page",
      "fullName": "et4ae5__redirectNewSendDef",
      "id": "0665g00000F3W1sAAF",
      "lastModifiedById": "0055g00000BDNwlAAH",
      "lastModifiedByName": "Megha Mane",
      "lastModifiedDate": "2021-07-26T18:08:01.000Z",
      "manageableState": "installed",
      "namespacePrefix": "et4ae5",
      "type": "ApexPage"
    },
    {
      "createdById": "0055g00000BDNwlAAH",
      "createdByName": "Megha Mane",
      "createdDate": "2021-07-26T18:05:55.000Z",
      "fileName": "pages/et4ae5__TrackingDataCleanupNoAccess.page",
      "fullName": "et4ae5__TrackingDataCleanupNoAccess",
      "id": "0665g00000F3W1WAAV",
      "lastModifiedById": "0055g00000BDNwlAAH",
      "lastModifiedByName": "Megha Mane",
      "lastModifiedDate": "2021-07-26T18:05:55.000Z",
      "manageableState": "installed",
      "namespacePrefix": "et4ae5",
      "type": "ApexPage"
    },
    {
      "createdById": "0055g00000BDNwlAAH",
      "createdByName": "Megha Mane",
      "createdDate": "2021-07-26T18:05:57.000Z",
      "fileName": "pages/et4ae5__chartSendPerformance.page",
      "fullName": "et4ae5__chartSendPerformance",
      "id": "0665g00000F3W1hAAF",
      "lastModifiedById": "0055g00000BDNwlAAH",
      "lastModifiedByName": "Megha Mane",
      "lastModifiedDate": "2021-07-26T18:07:58.000Z",
      "manageableState": "installed",
      "namespacePrefix": "et4ae5",
      "type": "ApexPage"
    },
    {
      "createdById": "0055g00000BDNwlAAH",
      "createdByName": "Megha Mane",
      "createdDate": "2021-07-26T18:05:53.000Z",
      "fileName": "pages/et4ae5__CampaignActions.page",
      "fullName": "et4ae5__CampaignActions",
      "id": "0665g00000F3W10AAF",
      "lastModifiedById": "0055g00000BDNwlAAH",
      "lastModifiedByName": "Megha Mane",
      "lastModifiedDate": "2021-07-26T18:07:43.000Z",
      "manageableState": "installed",
      "namespacePrefix": "et4ae5",
      "type": "ApexPage"
    },
    {
      "createdById": "0055g00000BDNwlAAH",
      "createdByName": "Megha Mane",
      "createdDate": "2021-07-23T14:51:08.000Z",
      "fileName": "pages/SiteRegister.page",
      "fullName": "SiteRegister",
      "id": "0665g00000F2uaMAAR",
      "lastModifiedById": "0055g00000BDNwlAAH",
      "lastModifiedByName": "Megha Mane",
      "lastModifiedDate": "2021-07-23T14:51:13.000Z",
      "manageableState": "unmanaged",
      "type": "ApexPage"
    },
    {
      "createdById": "0055g00000BDNwlAAH",
      "createdByName": "Megha Mane",
      "createdDate": "2021-07-26T18:05:53.000Z",
      "fileName": "pages/et4ae5__Config_Environment.page",
      "fullName": "et4ae5__Config_Environment",
      "id": "0665g00000F3W15AAF",
      "lastModifiedById": "0055g00000BDNwlAAH",
      "lastModifiedByName": "Megha Mane",
      "lastModifiedDate": "2021-07-26T18:07:44.000Z",
      "manageableState": "installed",
      "namespacePrefix": "et4ae5",
      "type": "ApexPage"
    },
    {
      "createdById": "0055g00000BDNwlAAH",
      "createdByName": "Megha Mane",
      "createdDate": "2021-07-26T18:05:55.000Z",
      "fileName": "pages/et4ae5__SendETEmail.page",
      "fullName": "et4ae5__SendETEmail",
      "id": "0665g00000F3W1RAAV",
      "lastModifiedById": "0055g00000BDNwlAAH",
      "lastModifiedByName": "Megha Mane",
      "lastModifiedDate": "2021-07-26T18:07:49.000Z",
      "manageableState": "installed",
      "namespacePrefix": "et4ae5",
      "type": "ApexPage"
    },
    {
      "createdById": "0055g00000BDNwlAAH",
      "createdByName": "Megha Mane",
      "createdDate": "2021-07-26T18:05:56.000Z",
      "fileName": "pages/et4ae5__UserNotPermittedToSend.page",
      "fullName": "et4ae5__UserNotPermittedToSend",
      "id": "0665g00000F3W1eAAF",
      "lastModifiedById": "0055g00000BDNwlAAH",
      "lastModifiedByName": "Megha Mane",
      "lastModifiedDate": "2021-07-26T18:07:56.000Z",
      "manageableState": "installed",
      "namespacePrefix": "et4ae5",
      "type": "ApexPage"
    },
    {
      "createdById": "0055g00000BDNwlAAH",
      "createdByName": "Megha Mane",
      "createdDate": "2021-07-23T14:51:11.000Z",
      "fileName": "pages/CommunitiesLanding.page",
      "fullName": "CommunitiesLanding",
      "id": "0665g00000F2uafAAB",
      "lastModifiedById": "0055g00000BDNwlAAH",
      "lastModifiedByName": "Megha Mane",
      "lastModifiedDate": "2021-07-23T14:51:12.000Z",
      "manageableState": "unmanaged",
      "type": "ApexPage"
    },
    {
      "createdById": "0055g00000BDNwlAAH",
      "createdByName": "Megha Mane",
      "createdDate": "2021-07-26T18:05:53.000Z",
      "fileName": "pages/et4ae5__ETUserList.page",
      "fullName": "et4ae5__ETUserList",
      "id": "0665g00000F3W1AAAV",
      "lastModifiedById": "0055g00000BDNwlAAH",
      "lastModifiedByName": "Megha Mane",
      "lastModifiedDate": "2021-07-26T18:07:45.000Z",
      "manageableState": "installed",
      "namespacePrefix": "et4ae5",
      "type": "ApexPage"
    },
    {
      "createdById": "0055g00000BDNwlAAH",
      "createdByName": "Megha Mane",
      "createdDate": "2021-07-26T18:05:57.000Z",
      "fileName": "pages/et4ae5__abTestSend.page",
      "fullName": "et4ae5__abTestSend",
      "id": "0665g00000F3W1fAAF",
      "lastModifiedById": "0055g00000BDNwlAAH",
      "lastModifiedByName": "Megha Mane",
      "lastModifiedDate": "2021-07-26T18:07:57.000Z",
      "manageableState": "installed",
      "namespacePrefix": "et4ae5",
      "type": "ApexPage"
    },
    {
      "createdById": "0055g00000BDNwlAAH",
      "createdByName": "Megha Mane",
      "createdDate": "2021-07-26T18:05:55.000Z",
      "fileName": "pages/et4ae5__UserCredentials.page",
      "fullName": "et4ae5__UserCredentials",
      "id": "0665g00000F3W1YAAV",
      "lastModifiedById": "0055g00000BDNwlAAH",
      "lastModifiedByName": "Megha Mane",
      "lastModifiedDate": "2021-07-26T18:07:52.000Z",
      "manageableState": "installed",
      "namespacePrefix": "et4ae5",
      "type": "ApexPage"
    },
    {
      "createdById": "0055g00000BDNwlAAH",
      "createdByName": "Megha Mane",
      "createdDate": "2021-07-23T14:51:11.000Z",
      "fileName": "pages/InMaintenance.page",
      "fullName": "InMaintenance",
      "id": "0665g00000F2uaYAAR",
      "lastModifiedById": "0055g00000BDNwlAAH",
      "lastModifiedByName": "Megha Mane",
      "lastModifiedDate": "2021-07-23T14:51:11.000Z",
      "manageableState": "unmanaged",
      "type": "ApexPage"
    },
    {
      "createdById": "0055g00000BDNwlAAH",
      "createdByName": "Megha Mane",
      "createdDate": "2021-07-26T18:05:55.000Z",
      "fileName": "pages/et4ae5__SingleSendETEmail.page",
      "fullName": "et4ae5__SingleSendETEmail",
      "id": "0665g00000F3W1TAAV",
      "lastModifiedById": "0055g00000BDNwlAAH",
      "lastModifiedByName": "Megha Mane",
      "lastModifiedDate": "2021-07-26T18:07:51.000Z",
      "manageableState": "installed",
      "namespacePrefix": "et4ae5",
      "type": "ApexPage"
    },
    {
      "createdById": "0055g00000BDNwlAAH",
      "createdByName": "Megha Mane",
      "createdDate": "2021-07-26T18:05:52.000Z",
      "fileName": "pages/et4ae5__BusinessUnitManagement.page",
      "fullName": "et4ae5__BusinessUnitManagement",
      "id": "0665g00000F3W0yAAF",
      "lastModifiedById": "0055g00000BDNwlAAH",
      "lastModifiedByName": "Megha Mane",
      "lastModifiedDate": "2021-07-26T18:05:52.000Z",
      "manageableState": "installed",
      "namespacePrefix": "et4ae5",
      "type": "ApexPage"
    },
    {
      "createdById": "0055g00000BDNwlAAH",
      "createdByName": "Megha Mane",
      "createdDate": "2021-07-26T18:05:58.000Z",
      "fileName": "pages/et4ae5__sendPreview.page",
      "fullName": "et4ae5__sendPreview",
      "id": "0665g00000F3W1xAAF",
      "lastModifiedById": "0055g00000BDNwlAAH",
      "lastModifiedByName": "Megha Mane",
      "lastModifiedDate": "2021-07-26T18:08:02.000Z",
      "manageableState": "installed",
      "namespacePrefix": "et4ae5",
      "type": "ApexPage"
    },
    {
      "createdById": "0055g00000BDNwlAAH",
      "createdByName": "Megha Mane",
      "createdDate": "2021-07-26T18:05:56.000Z",
      "fileName": "pages/et4ae5__UserManagement.page",
      "fullName": "et4ae5__UserManagement",
      "id": "0665g00000F3W1aAAF",
      "lastModifiedById": "0055g00000BDNwlAAH",
      "lastModifiedByName": "Megha Mane",
      "lastModifiedDate": "2021-07-26T18:05:56.000Z",
      "manageableState": "installed",
      "namespacePrefix": "et4ae5",
      "type": "ApexPage"
    },
    {
      "createdById": "0055g00000BDNwlAAH",
      "createdByName": "Megha Mane",
      "createdDate": "2021-07-26T18:05:52.000Z",
      "fileName": "pages/et4ae5__BusinessUnitList.page",
      "fullName": "et4ae5__BusinessUnitList",
      "id": "0665g00000F3W0xAAF",
      "lastModifiedById": "0055g00000BDNwlAAH",
      "lastModifiedByName": "Megha Mane",
      "lastModifiedDate": "2021-07-26T18:07:42.000Z",
      "manageableState": "installed",
      "namespacePrefix": "et4ae5",
      "type": "ApexPage"
    },
    {
      "createdById": "0055g00000BDNwlAAH",
      "createdByName": "Megha Mane",
      "createdDate": "2021-07-26T18:05:58.000Z",
      "fileName": "pages/et4ae5__redirectSendAutomation.page",
      "fullName": "et4ae5__redirectSendAutomation",
      "id": "0665g00000F3W1tAAF",
      "lastModifiedById": "0055g00000BDNwlAAH",
      "lastModifiedByName": "Megha Mane",
      "lastModifiedDate": "2021-07-26T18:08:01.000Z",
      "manageableState": "installed",
      "namespacePrefix": "et4ae5",
      "type": "ApexPage"
    },
    {
      "createdById": "0055g00000BDNwlAAH",
      "createdByName": "Megha Mane",
      "createdDate": "2021-07-23T14:51:08.000Z",
      "fileName": "pages/ForgotPasswordConfirm.page",
      "fullName": "ForgotPasswordConfirm",
      "id": "0665g00000F2uaQAAR",
      "lastModifiedById": "0055g00000BDNwlAAH",
      "lastModifiedByName": "Megha Mane",
      "lastModifiedDate": "2021-07-23T14:51:13.000Z",
      "manageableState": "unmanaged",
      "type": "ApexPage"
    },
    {
      "createdById": "0055g00000BDNwlAAH",
      "createdByName": "Megha Mane",
      "createdDate": "2021-07-26T18:05:53.000Z",
      "fileName": "pages/et4ae5__EmailCleanupDeletePage.page",
      "fullName": "et4ae5__EmailCleanupDeletePage",
      "id": "0665g00000F3W1CAAV",
      "lastModifiedById": "0055g00000BDNwlAAH",
      "lastModifiedByName": "Megha Mane",
      "lastModifiedDate": "2021-07-26T18:07:45.000Z",
      "manageableState": "installed",
      "namespacePrefix": "et4ae5",
      "type": "ApexPage"
    },
    {
      "createdById": "0055g00000BDNwlAAH",
      "createdByName": "Megha Mane",
      "createdDate": "2021-07-26T18:05:58.000Z",
      "fileName": "pages/et4ae5__redirectNewSMSDef.page",
      "fullName": "et4ae5__redirectNewSMSDef",
      "id": "0665g00000F3W1rAAF",
      "lastModifiedById": "0055g00000BDNwlAAH",
      "lastModifiedByName": "Megha Mane",
      "lastModifiedDate": "2021-07-26T18:08:01.000Z",
      "manageableState": "installed",
      "namespacePrefix": "et4ae5",
      "type": "ApexPage"
    },
    {
      "createdById": "0055g00000BDNwlAAH",
      "createdByName": "Megha Mane",
      "createdDate": "2021-07-26T18:05:54.000Z",
      "fileName": "pages/et4ae5__EmailSendActions.page",
      "fullName": "et4ae5__EmailSendActions",
      "id": "0665g00000F3W1EAAV",
      "lastModifiedById": "0055g00000BDNwlAAH",
      "lastModifiedByName": "Megha Mane",
      "lastModifiedDate": "2021-07-26T18:07:46.000Z",
      "manageableState": "installed",
      "namespacePrefix": "et4ae5",
      "type": "ApexPage"
    },
    {
      "createdById": "0055g00000BDNwlAAH",
      "createdByName": "Megha Mane",
      "createdDate": "2021-07-23T14:51:08.000Z",
      "fileName": "pages/ForgotPassword.page",
      "fullName": "ForgotPassword",
      "id": "0665g00000F2uaOAAR",
      "lastModifiedById": "0055g00000BDNwlAAH",
      "lastModifiedByName": "Megha Mane",
      "lastModifiedDate": "2021-07-23T14:51:13.000Z",
      "manageableState": "unmanaged",
      "type": "ApexPage"
    },
    {
      "createdById": "0055g00000BDNwlAAH",
      "createdByName": "Megha Mane",
      "createdDate": "2021-07-23T14:51:08.000Z",
      "fileName": "pages/MyProfilePage.page",
      "fullName": "MyProfilePage",
      "id": "0665g00000F2uaSAAR",
      "lastModifiedById": "0055g00000BDNwlAAH",
      "lastModifiedByName": "Megha Mane",
      "lastModifiedDate": "2021-07-23T14:51:10.000Z",
      "manageableState": "unmanaged",
      "type": "ApexPage"
    },
    {
      "createdById": "0055g00000BDNwlAAH",
      "createdByName": "Megha Mane",
      "createdDate": "2021-07-26T18:05:55.000Z",
      "fileName": "pages/et4ae5__SendTemplate.page",
      "fullName": "et4ae5__SendTemplate",
      "id": "0665g00000F3W1SAAV",
      "lastModifiedById": "0055g00000BDNwlAAH",
      "lastModifiedByName": "Megha Mane",
      "lastModifiedDate": "2021-07-26T18:07:49.000Z",
      "manageableState": "installed",
      "namespacePrefix": "et4ae5",
      "type": "ApexPage"
    },
    {
      "createdById": "0055g00000BDNwlAAH",
      "createdByName": "Megha Mane",
      "createdDate": "2021-07-26T18:05:53.000Z",
      "fileName": "pages/et4ae5__Config_Initial.page",
      "fullName": "et4ae5__Config_Initial",
      "id": "0665g00000F3W16AAF",
      "lastModifiedById": "0055g00000BDNwlAAH",
      "lastModifiedByName": "Megha Mane",
      "lastModifiedDate": "2021-07-26T18:07:44.000Z",
      "manageableState": "installed",
      "namespacePrefix": "et4ae5",
      "type": "ApexPage"
    }
  ]
}
