{
  "status": 0,
  "result": [
    {
      "createdById": "0055g00000BDNwlAAH",
      "createdByName": "Megha Mane",
      "createdDate": "2021-07-26T18:07:19.000Z",
      "fileName": "triggers/et4ae5__createQueueableJobFromJB_Flow_Event.trigger",
      "fullName": "et4ae5__createQueueableJobFromJB_Flow_Event",
      "id": "01q5g000000QJNDAA4",
      "lastModifiedById": "0055g00000BDNwlAAH",
      "lastModifiedByName": "Megha Mane",
      "lastModifiedDate": "2021-07-26T18:07:19.000Z",
      "manageableState": "installed",
      "namespacePrefix": "et4ae5",
      "type": "ApexTrigger"
    },
    {
      "createdById": "0055g00000BDNwlAAH",
      "createdByName": "Megha Mane",
      "createdDate": "2021-07-26T18:07:19.000Z",
      "fileName": "triggers/et4ae5__trigSendDefChange.trigger",
      "fullName": "et4ae5__trigSendDefChange",
      "id": "01q5g000000QJNGAA4",
      "lastModifiedById": "0055g00000BDNwlAAH",
      "lastModifiedByName": "Megha Mane",
      "lastModifiedDate": "2021-07-26T18:07:19.000Z",
      "manageableState": "installed",
      "namespacePrefix": "et4ae5",
      "type": "ApexTrigger"
    },
    {
      "createdById": "0055g00000BDNwlAAH",
      "createdByName": "Megha Mane",
      "createdDate": "2021-07-26T18:07:19.000Z",
      "fileName": "triggers/et4ae5__createQueueableJobFromJB_Event.trigger",
      "fullName": "et4ae5__createQueueableJobFromJB_Event",
      "id": "01q5g000000QJNCAA4",
      "lastModifiedById": "0055g00000BDNwlAAH",
      "lastModifiedByName": "Megha Mane",
      "lastModifiedDate": "2021-07-26T18:07:19.000Z",
      "manageableState": "installed",
      "namespacePrefix": "et4ae5",
      "type": "ApexTrigger"
    },
    {
      "createdById": "0055g00000BDNwlAAH",
      "createdByName": "Megha Mane",
      "createdDate": "2021-07-26T18:07:19.000Z",
      "fileName": "triggers/et4ae5__assignSendDefRecordType.trigger",
      "fullName": "et4ae5__assignSendDefRecordType",
      "id": "01q5g000000QJN8AAO",
      "lastModifiedById": "0055g00000BDNwlAAH",
      "lastModifiedByName": "Megha Mane",
      "lastModifiedDate": "2021-07-26T18:07:19.000Z",
      "manageableState": "installed",
      "namespacePrefix": "et4ae5",
      "type": "ApexTrigger"
    },
    {
      "createdById": "0055g00000BDNwlAAH",
      "createdByName": "Megha Mane",
      "createdDate": "2021-07-26T18:07:19.000Z",
      "fileName": "triggers/et4ae5__cascadeDeleteIERs.trigger",
      "fullName": "et4ae5__cascadeDeleteIERs",
      "id": "01q5g000000QJNAAA4",
      "lastModifiedById": "0055g00000BDNwlAAH",
      "lastModifiedByName": "Megha Mane",
      "lastModifiedDate": "2021-07-26T18:07:19.000Z",
      "manageableState": "installed",
      "namespacePrefix": "et4ae5",
      "type": "ApexTrigger"
    },
    {
      "createdById": "0055g00000BDNwlAAH",
      "createdByName": "Megha Mane",
      "createdDate": "2021-07-26T18:07:19.000Z",
      "fileName": "triggers/et4ae5__smsDefChange.trigger",
      "fullName": "et4ae5__smsDefChange",
      "id": "01q5g000000QJNFAA4",
      "lastModifiedById": "0055g00000BDNwlAAH",
      "lastModifiedByName": "Megha Mane",
      "lastModifiedDate": "2021-07-26T18:07:19.000Z",
      "manageableState": "installed",
      "namespacePrefix": "et4ae5",
      "type": "ApexTrigger"
    },
    {
      "createdById": "0055g00000BDNwlAAH",
      "createdByName": "Megha Mane",
      "createdDate": "2021-07-26T18:07:19.000Z",
      "fileName": "triggers/et4ae5__updateCampaignMemberStatusForIER.trigger",
      "fullName": "et4ae5__updateCampaignMemberStatusForIER",
      "id": "01q5g000000QJNIAA4",
      "lastModifiedById": "0055g00000BDNwlAAH",
      "lastModifiedByName": "Megha Mane",
      "lastModifiedDate": "2021-07-26T18:07:19.000Z",
      "manageableState": "installed",
      "namespacePrefix": "et4ae5",
      "type": "ApexTrigger"
    },
    {
      "createdById": "0055g00000BDNwlAAH",
      "createdByName": "Megha Mane",
      "createdDate": "2021-07-26T18:07:19.000Z",
      "fileName": "triggers/et4ae5__JBIntCDCEventTrigger.trigger",
      "fullName": "et4ae5__JBIntCDCEventTrigger",
      "id": "01q5g000000QJN6AAO",
      "lastModifiedById": "0055g00000BDNwlAAH",
      "lastModifiedByName": "Megha Mane",
      "lastModifiedDate": "2021-07-26T18:07:19.000Z",
      "manageableState": "installed",
      "namespacePrefix": "et4ae5",
      "type": "ApexTrigger"
    },
    {
      "createdById": "0055g00000BDNwlAAH",
      "createdByName": "Megha Mane",
      "createdDate": "2021-07-26T18:07:19.000Z",
      "fileName": "triggers/et4ae5__updateBURecord.trigger",
      "fullName": "et4ae5__updateBURecord",
      "id": "01q5g000000QJNHAA4",
      "lastModifiedById": "0055g00000BDNwlAAH",
      "lastModifiedByName": "Megha Mane",
      "lastModifiedDate": "2021-07-26T18:07:19.000Z",
      "manageableState": "installed",
      "namespacePrefix": "et4ae5",
      "type": "ApexTrigger"
    },
    {
      "createdById": "0055g00000BDNwlAAH",
      "createdByName": "Megha Mane",
      "createdDate": "2021-07-26T18:07:19.000Z",
      "fileName": "triggers/et4ae5__assignSmsDefRecordType.trigger",
      "fullName": "et4ae5__assignSmsDefRecordType",
      "id": "01q5g000000QJN9AAO",
      "lastModifiedById": "0055g00000BDNwlAAH",
      "lastModifiedByName": "Megha Mane",
      "lastModifiedDate": "2021-07-26T18:07:19.000Z",
      "manageableState": "installed",
      "namespacePrefix": "et4ae5",
      "type": "ApexTrigger"
    },
    {
      "createdById": "0055g00000BDNwlAAH",
      "createdByName": "Megha Mane",
      "createdDate": "2021-07-26T18:07:19.000Z",
      "fileName": "triggers/et4ae5__cascadeDeleteILDs.trigger",
      "fullName": "et4ae5__cascadeDeleteILDs",
      "id": "01q5g000000QJNBAA4",
      "lastModifiedById": "0055g00000BDNwlAAH",
      "lastModifiedByName": "Megha Mane",
      "lastModifiedDate": "2021-07-26T18:07:19.000Z",
      "manageableState": "installed",
      "namespacePrefix": "et4ae5",
      "type": "ApexTrigger"
    },
    {
      "createdById": "0055g00000BDNwlAAH",
      "createdByName": "Megha Mane",
      "createdDate": "2021-07-29T15:26:41.000Z",
      "fileName": "triggers/ticketEMailTrigger.trigger",
      "fullName": "ticketEMailTrigger",
      "id": "01q5g000000QLC5AAO",
      "lastModifiedById": "0055g00000BDuuxAAD",
      "lastModifiedByName": "Ashish Salunkhe",
      "lastModifiedDate": "2021-08-01T12:07:56.000Z",
      "manageableState": "unmanaged",
      "type": "ApexTrigger"
    },
    {
      "createdById": "0055g00000BDNwlAAH",
      "createdByName": "Megha Mane",
      "createdDate": "2021-07-26T18:07:19.000Z",
      "fileName": "triggers/et4ae5__sendDefChange.trigger",
      "fullName": "et4ae5__sendDefChange",
      "id": "01q5g000000QJNEAA4",
      "lastModifiedById": "0055g00000BDNwlAAH",
      "lastModifiedByName": "Megha Mane",
      "lastModifiedDate": "2021-07-26T18:07:19.000Z",
      "manageableState": "installed",
      "namespacePrefix": "et4ae5",
      "type": "ApexTrigger"
    },
    {
      "createdById": "0055g00000BDNwlAAH",
      "createdByName": "Megha Mane",
      "createdDate": "2021-07-26T18:07:19.000Z",
      "fileName": "triggers/et4ae5__assignETPermission.trigger",
      "fullName": "et4ae5__assignETPermission",
      "id": "01q5g000000QJN7AAO",
      "lastModifiedById": "0055g00000BDNwlAAH",
      "lastModifiedByName": "Megha Mane",
      "lastModifiedDate": "2021-07-26T18:07:19.000Z",
      "manageableState": "installed",
      "namespacePrefix": "et4ae5",
      "type": "ApexTrigger"
    },
    {
      "createdById": "0055g00000BDuuxAAD",
      "createdByName": "Ashish Salunkhe",
      "createdDate": "2021-08-01T11:10:26.000Z",
      "fileName": "triggers/metroWalletTrigger.trigger",
      "fullName": "metroWalletTrigger",
      "id": "01q5g000000QLqNAAW",
      "lastModifiedById": "0055g00000BDuuxAAD",
      "lastModifiedByName": "Ashish Salunkhe",
      "lastModifiedDate": "2021-08-01T11:10:26.000Z",
      "manageableState": "unmanaged",
      "type": "ApexTrigger"
    }
  ]
}
