{
  "status": 0,
  "result": [
    {
      "createdById": "0055g00000BDNwlAAH",
      "createdByName": "Megha Mane",
      "createdDate": "2021-07-23T14:51:09.000Z",
      "fileName": "components/SiteLogin.component",
      "fullName": "SiteLogin",
      "id": "0995g000000HGbxAAG",
      "lastModifiedById": "0055g00000BDNwlAAH",
      "lastModifiedByName": "Megha Mane",
      "lastModifiedDate": "2021-07-23T14:51:09.000Z",
      "manageableState": "unmanaged",
      "type": "ApexComponent"
    },
    {
      "createdById": "0055g00000BDNwlAAH",
      "createdByName": "Megha Mane",
      "createdDate": "2021-07-26T18:05:51.000Z",
      "fileName": "components/et4ae5__MarketingCloudActions.component",
      "fullName": "et4ae5__MarketingCloudActions",
      "id": "0995g000000HGpmAAG",
      "lastModifiedById": "0055g00000BDNwlAAH",
      "lastModifiedByName": "Megha Mane",
      "lastModifiedDate": "2021-07-26T18:07:36.000Z",
      "manageableState": "installed",
      "namespacePrefix": "et4ae5",
      "type": "ApexComponent"
    },
    {
      "createdById": "0055g00000BDNwlAAH",
      "createdByName": "Megha Mane",
      "createdDate": "2021-07-26T18:05:51.000Z",
      "fileName": "components/et4ae5__ConfigIncludes.component",
      "fullName": "et4ae5__ConfigIncludes",
      "id": "0995g000000HGpjAAG",
      "lastModifiedById": "0055g00000BDNwlAAH",
      "lastModifiedByName": "Megha Mane",
      "lastModifiedDate": "2021-07-26T18:05:51.000Z",
      "manageableState": "installed",
      "namespacePrefix": "et4ae5",
      "type": "ApexComponent"
    },
    {
      "createdById": "0055g00000BDNwlAAH",
      "createdByName": "Megha Mane",
      "createdDate": "2021-07-26T18:05:51.000Z",
      "fileName": "components/et4ae5__ETHeader.component",
      "fullName": "et4ae5__ETHeader",
      "id": "0995g000000HGpkAAG",
      "lastModifiedById": "0055g00000BDNwlAAH",
      "lastModifiedByName": "Megha Mane",
      "lastModifiedDate": "2021-07-26T18:05:51.000Z",
      "manageableState": "installed",
      "namespacePrefix": "et4ae5",
      "type": "ApexComponent"
    },
    {
      "createdById": "0055g00000BDNwlAAH",
      "createdByName": "Megha Mane",
      "createdDate": "2021-07-23T14:51:09.000Z",
      "fileName": "components/SitePoweredBy.component",
      "fullName": "SitePoweredBy",
      "id": "0995g000000HGbuAAG",
      "lastModifiedById": "0055g00000BDNwlAAH",
      "lastModifiedByName": "Megha Mane",
      "lastModifiedDate": "2021-07-23T14:51:09.000Z",
      "manageableState": "unmanaged",
      "type": "ApexComponent"
    },
    {
      "createdById": "0055g00000BDNwlAAH",
      "createdByName": "Megha Mane",
      "createdDate": "2021-07-23T14:51:09.000Z",
      "fileName": "components/SiteFooter.component",
      "fullName": "SiteFooter",
      "id": "0995g000000HGbwAAG",
      "lastModifiedById": "0055g00000BDNwlAAH",
      "lastModifiedByName": "Megha Mane",
      "lastModifiedDate": "2021-07-23T14:51:09.000Z",
      "manageableState": "unmanaged",
      "type": "ApexComponent"
    },
    {
      "createdById": "0055g00000BDNwlAAH",
      "createdByName": "Megha Mane",
      "createdDate": "2021-07-26T18:05:51.000Z",
      "fileName": "components/et4ae5__pageMessages.component",
      "fullName": "et4ae5__pageMessages",
      "id": "0995g000000HGprAAG",
      "lastModifiedById": "0055g00000BDNwlAAH",
      "lastModifiedByName": "Megha Mane",
      "lastModifiedDate": "2021-07-26T18:07:38.000Z",
      "manageableState": "installed",
      "namespacePrefix": "et4ae5",
      "type": "ApexComponent"
    },
    {
      "createdById": "0055g00000BDNwlAAH",
      "createdByName": "Megha Mane",
      "createdDate": "2021-07-26T18:05:51.000Z",
      "fileName": "components/et4ae5__MultiselectPicklist.component",
      "fullName": "et4ae5__MultiselectPicklist",
      "id": "0995g000000HGpnAAG",
      "lastModifiedById": "0055g00000BDNwlAAH",
      "lastModifiedByName": "Megha Mane",
      "lastModifiedDate": "2021-07-26T18:07:36.000Z",
      "manageableState": "installed",
      "namespacePrefix": "et4ae5",
      "type": "ApexComponent"
    },
    {
      "createdById": "0055g00000BDNwlAAH",
      "createdByName": "Megha Mane",
      "createdDate": "2021-07-23T14:51:09.000Z",
      "fileName": "components/SiteHeader.component",
      "fullName": "SiteHeader",
      "id": "0995g000000HGbvAAG",
      "lastModifiedById": "0055g00000BDNwlAAH",
      "lastModifiedByName": "Megha Mane",
      "lastModifiedDate": "2021-07-23T14:51:09.000Z",
      "manageableState": "unmanaged",
      "type": "ApexComponent"
    },
    {
      "createdById": "0055g00000BDNwlAAH",
      "createdByName": "Megha Mane",
      "createdDate": "2021-07-26T18:05:51.000Z",
      "fileName": "components/et4ae5__NotificationBanner.component",
      "fullName": "et4ae5__NotificationBanner",
      "id": "0995g000000HGpoAAG",
      "lastModifiedById": "0055g00000BDNwlAAH",
      "lastModifiedByName": "Megha Mane",
      "lastModifiedDate": "2021-07-26T18:07:36.000Z",
      "manageableState": "installed",
      "namespacePrefix": "et4ae5",
      "type": "ApexComponent"
    },
    {
      "createdById": "0055g00000BDNwlAAH",
      "createdByName": "Megha Mane",
      "createdDate": "2021-07-26T18:05:51.000Z",
      "fileName": "components/et4ae5__TypeAheadPillBox.component",
      "fullName": "et4ae5__TypeAheadPillBox",
      "id": "0995g000000HGppAAG",
      "lastModifiedById": "0055g00000BDNwlAAH",
      "lastModifiedByName": "Megha Mane",
      "lastModifiedDate": "2021-07-26T18:07:37.000Z",
      "manageableState": "installed",
      "namespacePrefix": "et4ae5",
      "type": "ApexComponent"
    },
    {
      "createdById": "0055g00000BDNwlAAH",
      "createdByName": "Megha Mane",
      "createdDate": "2021-07-26T18:05:51.000Z",
      "fileName": "components/et4ae5__dynamicSendPreview.component",
      "fullName": "et4ae5__dynamicSendPreview",
      "id": "0995g000000HGpqAAG",
      "lastModifiedById": "0055g00000BDNwlAAH",
      "lastModifiedByName": "Megha Mane",
      "lastModifiedDate": "2021-07-26T18:07:37.000Z",
      "manageableState": "installed",
      "namespacePrefix": "et4ae5",
      "type": "ApexComponent"
    },
    {
      "createdById": "0055g00000BDNwlAAH",
      "createdByName": "Megha Mane",
      "createdDate": "2021-07-26T18:05:51.000Z",
      "fileName": "components/et4ae5__MCEmailPicker.component",
      "fullName": "et4ae5__MCEmailPicker",
      "id": "0995g000000HGplAAG",
      "lastModifiedById": "0055g00000BDNwlAAH",
      "lastModifiedByName": "Megha Mane",
      "lastModifiedDate": "2021-07-26T18:07:35.000Z",
      "manageableState": "installed",
      "namespacePrefix": "et4ae5",
      "type": "ApexComponent"
    }
  ]
}
