{
  "status": 0,
  "result": [
    {
      "createdById": "0055g00000BDNwlAAH",
      "createdByName": "Megha Mane",
      "createdDate": "2021-07-26T18:05:45.000Z",
      "fileName": "aura/et4ae5__BusinessUnitManagement",
      "fullName": "et4ae5__BusinessUnitManagement",
      "id": "0Ab5g00000343RQCAY",
      "lastModifiedById": "0055g00000BDNwlAAH",
      "lastModifiedByName": "Megha Mane",
      "lastModifiedDate": "2021-07-26T18:07:32.000Z",
      "manageableState": "installed",
      "namespacePrefix": "et4ae5",
      "type": "AuraDefinitionBundle"
    },
    {
      "createdById": "0055g00000BDNwlAAH",
      "createdByName": "Megha Mane",
      "createdDate": "2021-07-23T14:51:13.000Z",
      "fileName": "aura/selfRegister",
      "fullName": "selfRegister",
      "id": "0Ab5g0000033tHACAY",
      "lastModifiedById": "0055g00000BDNwlAAH",
      "lastModifiedByName": "Megha Mane",
      "lastModifiedDate": "2021-07-27T06:13:54.000Z",
      "manageableState": "unmanaged",
      "type": "AuraDefinitionBundle"
    },
    {
      "createdById": "0055g00000BDNwlAAH",
      "createdByName": "Megha Mane",
      "createdDate": "2021-07-23T14:51:12.000Z",
      "fileName": "aura/setExpId",
      "fullName": "setExpId",
      "id": "0Ab5g0000033tH7CAI",
      "lastModifiedById": "0055g00000BDNwlAAH",
      "lastModifiedByName": "Megha Mane",
      "lastModifiedDate": "2021-07-27T06:13:51.000Z",
      "manageableState": "unmanaged",
      "type": "AuraDefinitionBundle"
    },
    {
      "createdById": "0055g00000BDNwlAAH",
      "createdByName": "Megha Mane",
      "createdDate": "2021-07-26T18:05:45.000Z",
      "fileName": "aura/et4ae5__PageNumberButton",
      "fullName": "et4ae5__PageNumberButton",
      "id": "0Ab5g00000343RBCAY",
      "lastModifiedById": "0055g00000BDNwlAAH",
      "lastModifiedByName": "Megha Mane",
      "lastModifiedDate": "2021-07-26T18:07:25.000Z",
      "manageableState": "installed",
      "namespacePrefix": "et4ae5",
      "type": "AuraDefinitionBundle"
    },
    {
      "createdById": "0055g00000BDNwlAAH",
      "createdByName": "Megha Mane",
      "createdDate": "2021-07-26T18:05:45.000Z",
      "fileName": "aura/et4ae5__DataTableRowPlus",
      "fullName": "et4ae5__DataTableRowPlus",
      "id": "0Ab5g00000343RZCAY",
      "lastModifiedById": "0055g00000BDNwlAAH",
      "lastModifiedByName": "Megha Mane",
      "lastModifiedDate": "2021-07-26T18:07:34.000Z",
      "manageableState": "installed",
      "namespacePrefix": "et4ae5",
      "type": "AuraDefinitionBundle"
    },
    {
      "createdById": "0055g00000BDuuxAAD",
      "createdByName": "Ashish Salunkhe",
      "createdDate": "2021-07-24T18:21:15.000Z",
      "fileName": "aura/AboutUs",
      "fullName": "AboutUs",
      "id": "0Ab5g0000033wyoCAA",
      "lastModifiedById": "0055g00000BDNwlAAH",
      "lastModifiedByName": "Megha Mane",
      "lastModifiedDate": "2021-07-29T05:44:04.000Z",
      "manageableState": "unmanaged",
      "type": "AuraDefinitionBundle"
    },
    {
      "createdById": "0055g00000BDNwlAAH",
      "createdByName": "Megha Mane",
      "createdDate": "2021-07-26T18:05:45.000Z",
      "fileName": "aura/et4ae5__AddToJourneyDialog",
      "fullName": "et4ae5__AddToJourneyDialog",
      "id": "0Ab5g00000343QrCAI",
      "lastModifiedById": "0055g00000BDNwlAAH",
      "lastModifiedByName": "Megha Mane",
      "lastModifiedDate": "2021-07-26T18:07:33.000Z",
      "manageableState": "installed",
      "namespacePrefix": "et4ae5",
      "type": "AuraDefinitionBundle"
    },
    {
      "createdById": "0055g00000BDNwlAAH",
      "createdByName": "Megha Mane",
      "createdDate": "2021-07-27T06:13:50.000Z",
      "fileName": "aura/nearbyHospitals",
      "fullName": "nearbyHospitals",
      "id": "0Ab5g000003471QCAQ",
      "lastModifiedById": "0055g00000BDNwlAAH",
      "lastModifiedByName": "Megha Mane",
      "lastModifiedDate": "2021-07-29T06:04:00.000Z",
      "manageableState": "unmanaged",
      "type": "AuraDefinitionBundle"
    },
    {
      "createdById": "0055g00000BDuuxAAD",
      "createdByName": "Ashish Salunkhe",
      "createdDate": "2021-07-24T17:46:41.000Z",
      "fileName": "aura/MapMarker",
      "fullName": "MapMarker",
      "id": "0Ab5g0000033wqOCAQ",
      "lastModifiedById": "0055g00000BDNwlAAH",
      "lastModifiedByName": "Megha Mane",
      "lastModifiedDate": "2021-07-27T06:13:54.000Z",
      "manageableState": "unmanaged",
      "type": "AuraDefinitionBundle"
    },
    {
      "createdById": "0055g00000BDNwlAAH",
      "createdByName": "Megha Mane",
      "createdDate": "2021-07-26T18:05:45.000Z",
      "fileName": "aura/et4ae5__ModalResponseEvent",
      "fullName": "et4ae5__ModalResponseEvent",
      "id": "0Ab5g00000343QsCAI",
      "lastModifiedById": "0055g00000BDNwlAAH",
      "lastModifiedByName": "Megha Mane",
      "lastModifiedDate": "2021-07-26T18:07:32.000Z",
      "manageableState": "installed",
      "namespacePrefix": "et4ae5",
      "type": "AuraDefinitionBundle"
    },
    {
      "createdById": "0055g00000BDNwlAAH",
      "createdByName": "Megha Mane",
      "createdDate": "2021-07-30T10:05:41.000Z",
      "fileName": "aura/metroContentBanner",
      "fullName": "metroContentBanner",
      "id": "0Ab5g0000034MMbCAM",
      "lastModifiedById": "0055g00000BDNwlAAH",
      "lastModifiedByName": "Megha Mane",
      "lastModifiedDate": "2021-07-30T10:20:45.000Z",
      "manageableState": "unmanaged",
      "type": "AuraDefinitionBundle"
    },
    {
      "createdById": "0055g00000BDNwlAAH",
      "createdByName": "Megha Mane",
      "createdDate": "2021-07-26T18:05:45.000Z",
      "fileName": "aura/et4ae5__ChangeAPIUserApp",
      "fullName": "et4ae5__ChangeAPIUserApp",
      "id": "0Ab5g00000343RCCAY",
      "lastModifiedById": "0055g00000BDNwlAAH",
      "lastModifiedByName": "Megha Mane",
      "lastModifiedDate": "2021-07-26T18:07:28.000Z",
      "manageableState": "installed",
      "namespacePrefix": "et4ae5",
      "type": "AuraDefinitionBundle"
    },
    {
      "createdById": "0055g00000BDuuxAAD",
      "createdByName": "Ashish Salunkhe",
      "createdDate": "2021-07-24T19:28:45.000Z",
      "fileName": "aura/AboutUsTitle",
      "fullName": "AboutUsTitle",
      "id": "0Ab5g0000033x01CAA",
      "lastModifiedById": "0055g00000BDNwlAAH",
      "lastModifiedByName": "Megha Mane",
      "lastModifiedDate": "2021-07-27T06:13:54.000Z",
      "manageableState": "unmanaged",
      "type": "AuraDefinitionBundle"
    },
    {
      "createdById": "0055g00000BDNwlAAH",
      "createdByName": "Megha Mane",
      "createdDate": "2021-07-26T10:44:01.000Z",
      "fileName": "aura/CreateContactComponent",
      "fullName": "CreateContactComponent",
      "id": "0Ab5g00000341b3CAA",
      "lastModifiedById": "0055g00000BDNwlAAH",
      "lastModifiedByName": "Megha Mane",
      "lastModifiedDate": "2021-07-26T11:56:00.000Z",
      "manageableState": "unmanaged",
      "type": "AuraDefinitionBundle"
    },
    {
      "createdById": "0055g00000BDNwlAAH",
      "createdByName": "Megha Mane",
      "createdDate": "2021-07-26T18:05:45.000Z",
      "fileName": "aura/et4ae5__message_modal",
      "fullName": "et4ae5__message_modal",
      "id": "0Ab5g00000343R7CAI",
      "lastModifiedById": "0055g00000BDNwlAAH",
      "lastModifiedByName": "Megha Mane",
      "lastModifiedDate": "2021-07-26T18:07:31.000Z",
      "manageableState": "installed",
      "namespacePrefix": "et4ae5",
      "type": "AuraDefinitionBundle"
    },
    {
      "createdById": "0055g00000BDNwlAAH",
      "createdByName": "Megha Mane",
      "createdDate": "2021-07-29T15:19:00.000Z",
      "fileName": "aura/displayRecordsTestComp",
      "fullName": "displayRecordsTestComp",
      "id": "0Ab5g0000034JdlCAE",
      "lastModifiedById": "0055g00000BDNwlAAH",
      "lastModifiedByName": "Megha Mane",
      "lastModifiedDate": "2021-07-29T15:21:12.000Z",
      "manageableState": "unmanaged",
      "type": "AuraDefinitionBundle"
    },
    {
      "createdById": "0055g00000BDNwlAAH",
      "createdByName": "Megha Mane",
      "createdDate": "2021-07-26T18:05:45.000Z",
      "fileName": "aura/et4ae5__UserCredential",
      "fullName": "et4ae5__UserCredential",
      "id": "0Ab5g00000343QzCAI",
      "lastModifiedById": "0055g00000BDNwlAAH",
      "lastModifiedByName": "Megha Mane",
      "lastModifiedDate": "2021-07-26T18:07:34.000Z",
      "manageableState": "installed",
      "namespacePrefix": "et4ae5",
      "type": "AuraDefinitionBundle"
    },
    {
      "createdById": "0055g00000BDNwlAAH",
      "createdByName": "Megha Mane",
      "createdDate": "2021-07-26T18:05:45.000Z",
      "fileName": "aura/et4ae5__DataTablePlusPaginationUpdate",
      "fullName": "et4ae5__DataTablePlusPaginationUpdate",
      "id": "0Ab5g00000343QvCAI",
      "lastModifiedById": "0055g00000BDNwlAAH",
      "lastModifiedByName": "Megha Mane",
      "lastModifiedDate": "2021-07-26T18:07:35.000Z",
      "manageableState": "installed",
      "namespacePrefix": "et4ae5",
      "type": "AuraDefinitionBundle"
    },
    {
      "createdById": "0055g00000BDNwlAAH",
      "createdByName": "Megha Mane",
      "createdDate": "2021-07-26T18:05:45.000Z",
      "fileName": "aura/et4ae5__DataTablePlusSearch",
      "fullName": "et4ae5__DataTablePlusSearch",
      "id": "0Ab5g00000343QmCAI",
      "lastModifiedById": "0055g00000BDNwlAAH",
      "lastModifiedByName": "Megha Mane",
      "lastModifiedDate": "2021-07-26T18:07:33.000Z",
      "manageableState": "installed",
      "namespacePrefix": "et4ae5",
      "type": "AuraDefinitionBundle"
    },
    {
      "createdById": "0055g00000BDNwlAAH",
      "createdByName": "Megha Mane",
      "createdDate": "2021-07-26T18:05:45.000Z",
      "fileName": "aura/et4ae5__JourneyBuilderComponent",
      "fullName": "et4ae5__JourneyBuilderComponent",
      "id": "0Ab5g00000343R5CAI",
      "lastModifiedById": "0055g00000BDNwlAAH",
      "lastModifiedByName": "Megha Mane",
      "lastModifiedDate": "2021-07-26T18:07:31.000Z",
      "manageableState": "installed",
      "namespacePrefix": "et4ae5",
      "type": "AuraDefinitionBundle"
    },
    {
      "createdById": "0055g00000BDNwlAAH",
      "createdByName": "Megha Mane",
      "createdDate": "2021-07-26T18:05:45.000Z",
      "fileName": "aura/et4ae5__AddToJourneyDialogClose",
      "fullName": "et4ae5__AddToJourneyDialogClose",
      "id": "0Ab5g00000343RFCAY",
      "lastModifiedById": "0055g00000BDNwlAAH",
      "lastModifiedByName": "Megha Mane",
      "lastModifiedDate": "2021-07-26T18:07:29.000Z",
      "manageableState": "installed",
      "namespacePrefix": "et4ae5",
      "type": "AuraDefinitionBundle"
    },
    {
      "createdById": "0055g00000BDNwlAAH",
      "createdByName": "Megha Mane",
      "createdDate": "2021-07-26T18:05:45.000Z",
      "fileName": "aura/et4ae5__ExtendButtonOnClickEvent",
      "fullName": "et4ae5__ExtendButtonOnClickEvent",
      "id": "0Ab5g00000343R9CAI",
      "lastModifiedById": "0055g00000BDNwlAAH",
      "lastModifiedByName": "Megha Mane",
      "lastModifiedDate": "2021-07-26T18:07:30.000Z",
      "manageableState": "installed",
      "namespacePrefix": "et4ae5",
      "type": "AuraDefinitionBundle"
    },
    {
      "createdById": "0055g00000BDuuxAAD",
      "createdByName": "Ashish Salunkhe",
      "createdDate": "2021-07-30T17:26:10.000Z",
      "fileName": "aura/ShowAvailableMetrosCmp",
      "fullName": "ShowAvailableMetrosCmp",
      "id": "0Ab5g0000034OShCAM",
      "lastModifiedById": "0055g00000BDuuxAAD",
      "lastModifiedByName": "Ashish Salunkhe",
      "lastModifiedDate": "2021-08-01T12:17:14.000Z",
      "manageableState": "unmanaged",
      "type": "AuraDefinitionBundle"
    },
    {
      "createdById": "0055g00000BDNwlAAH",
      "createdByName": "Megha Mane",
      "createdDate": "2021-07-26T18:05:45.000Z",
      "fileName": "aura/et4ae5__ChangeAPIUser",
      "fullName": "et4ae5__ChangeAPIUser",
      "id": "0Ab5g00000343R1CAI",
      "lastModifiedById": "0055g00000BDNwlAAH",
      "lastModifiedByName": "Megha Mane",
      "lastModifiedDate": "2021-07-26T18:07:30.000Z",
      "manageableState": "installed",
      "namespacePrefix": "et4ae5",
      "type": "AuraDefinitionBundle"
    },
    {
      "createdById": "0055g00000BDNwlAAH",
      "createdByName": "Megha Mane",
      "createdDate": "2021-07-26T18:05:45.000Z",
      "fileName": "aura/et4ae5__DataTablePlusUpdate",
      "fullName": "et4ae5__DataTablePlusUpdate",
      "id": "0Ab5g00000343RYCAY",
      "lastModifiedById": "0055g00000BDNwlAAH",
      "lastModifiedByName": "Megha Mane",
      "lastModifiedDate": "2021-07-26T18:07:34.000Z",
      "manageableState": "installed",
      "namespacePrefix": "et4ae5",
      "type": "AuraDefinitionBundle"
    },
    {
      "createdById": "0055g00000BDNwlAAH",
      "createdByName": "Megha Mane",
      "createdDate": "2021-07-26T18:05:45.000Z",
      "fileName": "aura/et4ae5__DataTablePlusSelectAll",
      "fullName": "et4ae5__DataTablePlusSelectAll",
      "id": "0Ab5g00000343RKCAY",
      "lastModifiedById": "0055g00000BDNwlAAH",
      "lastModifiedByName": "Megha Mane",
      "lastModifiedDate": "2021-07-26T18:07:29.000Z",
      "manageableState": "installed",
      "namespacePrefix": "et4ae5",
      "type": "AuraDefinitionBundle"
    },
    {
      "createdById": "0055g00000BDNwlAAH",
      "createdByName": "Megha Mane",
      "createdDate": "2021-07-26T18:05:45.000Z",
      "fileName": "aura/et4ae5__Setup",
      "fullName": "et4ae5__Setup",
      "id": "0Ab5g00000343QwCAI",
      "lastModifiedById": "0055g00000BDNwlAAH",
      "lastModifiedByName": "Megha Mane",
      "lastModifiedDate": "2021-07-26T18:07:35.000Z",
      "manageableState": "installed",
      "namespacePrefix": "et4ae5",
      "type": "AuraDefinitionBundle"
    },
    {
      "createdById": "0055g00000BDNwlAAH",
      "createdByName": "Megha Mane",
      "createdDate": "2021-07-26T18:05:45.000Z",
      "fileName": "aura/et4ae5__IntegrateMarketingCloudUser",
      "fullName": "et4ae5__IntegrateMarketingCloudUser",
      "id": "0Ab5g00000343QoCAI",
      "lastModifiedById": "0055g00000BDNwlAAH",
      "lastModifiedByName": "Megha Mane",
      "lastModifiedDate": "2021-07-26T18:07:33.000Z",
      "manageableState": "installed",
      "namespacePrefix": "et4ae5",
      "type": "AuraDefinitionBundle"
    },
    {
      "createdById": "0055g00000BDNwlAAH",
      "createdByName": "Megha Mane",
      "createdDate": "2021-07-26T18:05:45.000Z",
      "fileName": "aura/et4ae5__BusinessUnitManagementApp",
      "fullName": "et4ae5__BusinessUnitManagementApp",
      "id": "0Ab5g00000343RTCAY",
      "lastModifiedById": "0055g00000BDNwlAAH",
      "lastModifiedByName": "Megha Mane",
      "lastModifiedDate": "2021-07-26T18:07:32.000Z",
      "manageableState": "installed",
      "namespacePrefix": "et4ae5",
      "type": "AuraDefinitionBundle"
    },
    {
      "createdById": "0055g00000BDNwlAAH",
      "createdByName": "Megha Mane",
      "createdDate": "2021-07-26T18:05:44.000Z",
      "fileName": "aura/et4ae5__TrackingDataCleanupRecordCountEvent",
      "fullName": "et4ae5__TrackingDataCleanupRecordCountEvent",
      "id": "0Ab5g00000343QjCAI",
      "lastModifiedById": "0055g00000BDNwlAAH",
      "lastModifiedByName": "Megha Mane",
      "lastModifiedDate": "2021-07-26T18:07:29.000Z",
      "manageableState": "installed",
      "namespacePrefix": "et4ae5",
      "type": "AuraDefinitionBundle"
    },
    {
      "createdById": "0055g00000BDuuxAAD",
      "createdByName": "Ashish Salunkhe",
      "createdDate": "2021-07-24T18:09:32.000Z",
      "fileName": "aura/MetroTestingApp",
      "fullName": "MetroTestingApp",
      "id": "0Ab5g0000033wubCAA",
      "lastModifiedById": "0055g00000BDNwlAAH",
      "lastModifiedByName": "Megha Mane",
      "lastModifiedDate": "2021-07-27T06:13:51.000Z",
      "manageableState": "unmanaged",
      "type": "AuraDefinitionBundle"
    },
    {
      "createdById": "0055g00000BDNwlAAH",
      "createdByName": "Megha Mane",
      "createdDate": "2021-07-26T18:05:44.000Z",
      "fileName": "aura/et4ae5__marketingcloudconfig",
      "fullName": "et4ae5__marketingcloudconfig",
      "id": "0Ab5g00000343QiCAI",
      "lastModifiedById": "0055g00000BDNwlAAH",
      "lastModifiedByName": "Megha Mane",
      "lastModifiedDate": "2021-07-26T18:07:28.000Z",
      "manageableState": "installed",
      "namespacePrefix": "et4ae5",
      "type": "AuraDefinitionBundle"
    },
    {
      "createdById": "0055g00000BDNwlAAH",
      "createdByName": "Megha Mane",
      "createdDate": "2021-07-26T18:05:45.000Z",
      "fileName": "aura/et4ae5__ThrowErrorMessage",
      "fullName": "et4ae5__ThrowErrorMessage",
      "id": "0Ab5g00000343QnCAI",
      "lastModifiedById": "0055g00000BDNwlAAH",
      "lastModifiedByName": "Megha Mane",
      "lastModifiedDate": "2021-07-26T18:07:33.000Z",
      "manageableState": "installed",
      "namespacePrefix": "et4ae5",
      "type": "AuraDefinitionBundle"
    },
    {
      "createdById": "0055g00000BDNwlAAH",
      "createdByName": "Megha Mane",
      "createdDate": "2021-07-26T18:05:45.000Z",
      "fileName": "aura/et4ae5__MarketingCloudConfiguration",
      "fullName": "et4ae5__MarketingCloudConfiguration",
      "id": "0Ab5g00000343RICAY",
      "lastModifiedById": "0055g00000BDNwlAAH",
      "lastModifiedByName": "Megha Mane",
      "lastModifiedDate": "2021-07-26T18:07:29.000Z",
      "manageableState": "installed",
      "namespacePrefix": "et4ae5",
      "type": "AuraDefinitionBundle"
    },
    {
      "createdById": "0055g00000BDNwlAAH",
      "createdByName": "Megha Mane",
      "createdDate": "2021-07-26T18:05:45.000Z",
      "fileName": "aura/et4ae5__TrackingDataCleanupNoAccess",
      "fullName": "et4ae5__TrackingDataCleanupNoAccess",
      "id": "0Ab5g00000343RJCAY",
      "lastModifiedById": "0055g00000BDNwlAAH",
      "lastModifiedByName": "Megha Mane",
      "lastModifiedDate": "2021-07-26T18:07:29.000Z",
      "manageableState": "installed",
      "namespacePrefix": "et4ae5",
      "type": "AuraDefinitionBundle"
    },
    {
      "createdById": "0055g00000BDNwlAAH",
      "createdByName": "Megha Mane",
      "createdDate": "2021-07-26T18:05:45.000Z",
      "fileName": "aura/et4ae5__MarketingCloudSettings",
      "fullName": "et4ae5__MarketingCloudSettings",
      "id": "0Ab5g00000343RXCAY",
      "lastModifiedById": "0055g00000BDNwlAAH",
      "lastModifiedByName": "Megha Mane",
      "lastModifiedDate": "2021-07-26T18:07:35.000Z",
      "manageableState": "installed",
      "namespacePrefix": "et4ae5",
      "type": "AuraDefinitionBundle"
    },
    {
      "createdById": "0055g00000BDuuxAAD",
      "createdByName": "Ashish Salunkhe",
      "createdDate": "2021-08-01T12:28:47.000Z",
      "fileName": "aura/MetroPassComponent",
      "fullName": "MetroPassComponent",
      "id": "0Ab5g0000034RbLCAU",
      "lastModifiedById": "0055g00000BDuuxAAD",
      "lastModifiedByName": "Ashish Salunkhe",
      "lastModifiedDate": "2021-08-01T12:32:01.000Z",
      "manageableState": "unmanaged",
      "type": "AuraDefinitionBundle"
    },
    {
      "createdById": "0055g00000BDuuxAAD",
      "createdByName": "Ashish Salunkhe",
      "createdDate": "2021-07-24T17:30:49.000Z",
      "fileName": "aura/FindMetroSchedulesParent",
      "fullName": "FindMetroSchedulesParent",
      "id": "0Ab5g0000033woICAQ",
      "lastModifiedById": "0055g00000BDNwlAAH",
      "lastModifiedByName": "Megha Mane",
      "lastModifiedDate": "2021-07-27T06:13:52.000Z",
      "manageableState": "unmanaged",
      "type": "AuraDefinitionBundle"
    },
    {
      "createdById": "0055g00000BDNwlAAH",
      "createdByName": "Megha Mane",
      "createdDate": "2021-07-23T14:51:12.000Z",
      "fileName": "aura/setStartUrl",
      "fullName": "setStartUrl",
      "id": "0Ab5g0000033tH8CAI",
      "lastModifiedById": "0055g00000BDNwlAAH",
      "lastModifiedByName": "Megha Mane",
      "lastModifiedDate": "2021-07-27T06:13:51.000Z",
      "manageableState": "unmanaged",
      "type": "AuraDefinitionBundle"
    },
    {
      "createdById": "0055g00000BDNwlAAH",
      "createdByName": "Megha Mane",
      "createdDate": "2021-07-26T18:05:45.000Z",
      "fileName": "aura/et4ae5__Automation",
      "fullName": "et4ae5__Automation",
      "id": "0Ab5g00000343RSCAY",
      "lastModifiedById": "0055g00000BDNwlAAH",
      "lastModifiedByName": "Megha Mane",
      "lastModifiedDate": "2021-07-26T18:07:32.000Z",
      "manageableState": "installed",
      "namespacePrefix": "et4ae5",
      "type": "AuraDefinitionBundle"
    },
    {
      "createdById": "0055g00000BDNwlAAH",
      "createdByName": "Megha Mane",
      "createdDate": "2021-07-26T18:05:45.000Z",
      "fileName": "aura/et4ae5__TrackingDataCleanupParent",
      "fullName": "et4ae5__TrackingDataCleanupParent",
      "id": "0Ab5g00000343RDCAY",
      "lastModifiedById": "0055g00000BDNwlAAH",
      "lastModifiedByName": "Megha Mane",
      "lastModifiedDate": "2021-07-26T18:07:28.000Z",
      "manageableState": "installed",
      "namespacePrefix": "et4ae5",
      "type": "AuraDefinitionBundle"
    },
    {
      "createdById": "0055g00000BDNwlAAH",
      "createdByName": "Megha Mane",
      "createdDate": "2021-07-26T18:05:45.000Z",
      "fileName": "aura/et4ae5__BaseComponentMessage",
      "fullName": "et4ae5__BaseComponentMessage",
      "id": "0Ab5g00000343QuCAI",
      "lastModifiedById": "0055g00000BDNwlAAH",
      "lastModifiedByName": "Megha Mane",
      "lastModifiedDate": "2021-07-26T18:07:34.000Z",
      "manageableState": "installed",
      "namespacePrefix": "et4ae5",
      "type": "AuraDefinitionBundle"
    },
    {
      "createdById": "0055g00000BDNwlAAH",
      "createdByName": "Megha Mane",
      "createdDate": "2021-07-26T18:05:45.000Z",
      "fileName": "aura/et4ae5__OAuthConnect",
      "fullName": "et4ae5__OAuthConnect",
      "id": "0Ab5g00000343QpCAI",
      "lastModifiedById": "0055g00000BDNwlAAH",
      "lastModifiedByName": "Megha Mane",
      "lastModifiedDate": "2021-07-26T18:07:32.000Z",
      "manageableState": "installed",
      "namespacePrefix": "et4ae5",
      "type": "AuraDefinitionBundle"
    },
    {
      "createdById": "0055g00000BDNwlAAH",
      "createdByName": "Megha Mane",
      "createdDate": "2021-07-26T18:05:45.000Z",
      "fileName": "aura/et4ae5__UpdateRecord",
      "fullName": "et4ae5__UpdateRecord",
      "id": "0Ab5g00000343R4CAI",
      "lastModifiedById": "0055g00000BDNwlAAH",
      "lastModifiedByName": "Megha Mane",
      "lastModifiedDate": "2021-07-26T18:07:30.000Z",
      "manageableState": "installed",
      "namespacePrefix": "et4ae5",
      "type": "AuraDefinitionBundle"
    },
    {
      "createdById": "0055g00000BDNwlAAH",
      "createdByName": "Megha Mane",
      "createdDate": "2021-07-26T18:05:45.000Z",
      "fileName": "aura/et4ae5__MarketingCloudSettingsApp",
      "fullName": "et4ae5__MarketingCloudSettingsApp",
      "id": "0Ab5g00000343QyCAI",
      "lastModifiedById": "0055g00000BDNwlAAH",
      "lastModifiedByName": "Megha Mane",
      "lastModifiedDate": "2021-07-26T18:07:34.000Z",
      "manageableState": "installed",
      "namespacePrefix": "et4ae5",
      "type": "AuraDefinitionBundle"
    },
    {
      "createdById": "0055g00000BDNwlAAH",
      "createdByName": "Megha Mane",
      "createdDate": "2021-07-26T18:05:45.000Z",
      "fileName": "aura/et4ae5__EnableTenantSpecificEndpoint",
      "fullName": "et4ae5__EnableTenantSpecificEndpoint",
      "id": "0Ab5g00000343RLCAY",
      "lastModifiedById": "0055g00000BDNwlAAH",
      "lastModifiedByName": "Megha Mane",
      "lastModifiedDate": "2021-07-26T18:07:29.000Z",
      "manageableState": "installed",
      "namespacePrefix": "et4ae5",
      "type": "AuraDefinitionBundle"
    },
    {
      "createdById": "0055g00000BDNwlAAH",
      "createdByName": "Megha Mane",
      "createdDate": "2021-07-26T18:05:45.000Z",
      "fileName": "aura/et4ae5__SidebySideListItem",
      "fullName": "et4ae5__SidebySideListItem",
      "id": "0Ab5g00000343QqCAI",
      "lastModifiedById": "0055g00000BDNwlAAH",
      "lastModifiedByName": "Megha Mane",
      "lastModifiedDate": "2021-07-26T18:07:31.000Z",
      "manageableState": "installed",
      "namespacePrefix": "et4ae5",
      "type": "AuraDefinitionBundle"
    },
    {
      "createdById": "0055g00000BDNwlAAH",
      "createdByName": "Megha Mane",
      "createdDate": "2021-07-30T10:01:42.000Z",
      "fileName": "aura/metroFooter",
      "fullName": "metroFooter",
      "id": "0Ab5g0000034MMCCA2",
      "lastModifiedById": "0055g00000BDNwlAAH",
      "lastModifiedByName": "Megha Mane",
      "lastModifiedDate": "2021-07-30T10:04:30.000Z",
      "manageableState": "unmanaged",
      "type": "AuraDefinitionBundle"
    },
    {
      "createdById": "0055g00000BDNwlAAH",
      "createdByName": "Megha Mane",
      "createdDate": "2021-07-26T18:05:45.000Z",
      "fileName": "aura/et4ae5__TrackingDataCleanupAggregateHeader",
      "fullName": "et4ae5__TrackingDataCleanupAggregateHeader",
      "id": "0Ab5g00000343RRCAY",
      "lastModifiedById": "0055g00000BDNwlAAH",
      "lastModifiedByName": "Megha Mane",
      "lastModifiedDate": "2021-07-26T18:07:32.000Z",
      "manageableState": "installed",
      "namespacePrefix": "et4ae5",
      "type": "AuraDefinitionBundle"
    },
    {
      "createdById": "0055g00000BDuuxAAD",
      "createdByName": "Ashish Salunkhe",
      "createdDate": "2021-07-24T19:33:19.000Z",
      "fileName": "aura/ServicesTitle",
      "fullName": "ServicesTitle",
      "id": "0Ab5g0000033x06CAA",
      "lastModifiedById": "0055g00000BDNwlAAH",
      "lastModifiedByName": "Megha Mane",
      "lastModifiedDate": "2021-07-27T06:13:51.000Z",
      "manageableState": "unmanaged",
      "type": "AuraDefinitionBundle"
    },
    {
      "createdById": "0055g00000BDNwlAAH",
      "createdByName": "Megha Mane",
      "createdDate": "2021-07-26T18:05:45.000Z",
      "fileName": "aura/et4ae5__StartWizzard",
      "fullName": "et4ae5__StartWizzard",
      "id": "0Ab5g00000343R8CAI",
      "lastModifiedById": "0055g00000BDNwlAAH",
      "lastModifiedByName": "Megha Mane",
      "lastModifiedDate": "2021-07-26T18:07:31.000Z",
      "manageableState": "installed",
      "namespacePrefix": "et4ae5",
      "type": "AuraDefinitionBundle"
    },
    {
      "createdById": "0055g00000BDuuxAAD",
      "createdByName": "Ashish Salunkhe",
      "createdDate": "2021-07-24T19:35:43.000Z",
      "fileName": "aura/ServicesBanner",
      "fullName": "ServicesBanner",
      "id": "0Ab5g0000033x0BCAQ",
      "lastModifiedById": "0055g00000BDNwlAAH",
      "lastModifiedByName": "Megha Mane",
      "lastModifiedDate": "2021-07-27T06:13:51.000Z",
      "manageableState": "unmanaged",
      "type": "AuraDefinitionBundle"
    },
    {
      "createdById": "0055g00000BDNwlAAH",
      "createdByName": "Megha Mane",
      "createdDate": "2021-07-26T18:05:45.000Z",
      "fileName": "aura/et4ae5__DataTablePlus",
      "fullName": "et4ae5__DataTablePlus",
      "id": "0Ab5g00000343R0CAI",
      "lastModifiedById": "0055g00000BDNwlAAH",
      "lastModifiedByName": "Megha Mane",
      "lastModifiedDate": "2021-07-26T18:07:30.000Z",
      "manageableState": "installed",
      "namespacePrefix": "et4ae5",
      "type": "AuraDefinitionBundle"
    },
    {
      "createdById": "0055g00000BDNwlAAH",
      "createdByName": "Megha Mane",
      "createdDate": "2021-07-26T18:05:45.000Z",
      "fileName": "aura/et4ae5__TrackingDataCleanupApp",
      "fullName": "et4ae5__TrackingDataCleanupApp",
      "id": "0Ab5g00000343RMCAY",
      "lastModifiedById": "0055g00000BDNwlAAH",
      "lastModifiedByName": "Megha Mane",
      "lastModifiedDate": "2021-07-26T18:07:33.000Z",
      "manageableState": "installed",
      "namespacePrefix": "et4ae5",
      "type": "AuraDefinitionBundle"
    },
    {
      "createdById": "0055g00000BDNwlAAH",
      "createdByName": "Megha Mane",
      "createdDate": "2021-07-26T18:05:45.000Z",
      "fileName": "aura/et4ae5__BusinessUnitSelection",
      "fullName": "et4ae5__BusinessUnitSelection",
      "id": "0Ab5g00000343RcCAI",
      "lastModifiedById": "0055g00000BDNwlAAH",
      "lastModifiedByName": "Megha Mane",
      "lastModifiedDate": "2021-07-26T18:07:31.000Z",
      "manageableState": "installed",
      "namespacePrefix": "et4ae5",
      "type": "AuraDefinitionBundle"
    },
    {
      "createdById": "0055g00000BDNwlAAH",
      "createdByName": "Megha Mane",
      "createdDate": "2021-07-26T18:05:45.000Z",
      "fileName": "aura/et4ae5__Manual",
      "fullName": "et4ae5__Manual",
      "id": "0Ab5g00000343QlCAI",
      "lastModifiedById": "0055g00000BDNwlAAH",
      "lastModifiedByName": "Megha Mane",
      "lastModifiedDate": "2021-07-26T18:07:33.000Z",
      "manageableState": "installed",
      "namespacePrefix": "et4ae5",
      "type": "AuraDefinitionBundle"
    },
    {
      "createdById": "0055g00000BDNwlAAH",
      "createdByName": "Megha Mane",
      "createdDate": "2021-07-26T18:05:45.000Z",
      "fileName": "aura/et4ae5__button",
      "fullName": "et4ae5__button",
      "id": "0Ab5g00000343RGCAY",
      "lastModifiedById": "0055g00000BDNwlAAH",
      "lastModifiedByName": "Megha Mane",
      "lastModifiedDate": "2021-07-26T18:07:30.000Z",
      "manageableState": "installed",
      "namespacePrefix": "et4ae5",
      "type": "AuraDefinitionBundle"
    },
    {
      "createdById": "0055g00000BDNwlAAH",
      "createdByName": "Megha Mane",
      "createdDate": "2021-07-26T18:05:45.000Z",
      "fileName": "aura/et4ae5__ModalComponent",
      "fullName": "et4ae5__ModalComponent",
      "id": "0Ab5g00000343RbCAI",
      "lastModifiedById": "0055g00000BDNwlAAH",
      "lastModifiedByName": "Megha Mane",
      "lastModifiedDate": "2021-07-26T18:07:31.000Z",
      "manageableState": "installed",
      "namespacePrefix": "et4ae5",
      "type": "AuraDefinitionBundle"
    },
    {
      "createdById": "0055g00000BDNwlAAH",
      "createdByName": "Megha Mane",
      "createdDate": "2021-07-26T18:05:45.000Z",
      "fileName": "aura/et4ae5__LaunchModalEvent",
      "fullName": "et4ae5__LaunchModalEvent",
      "id": "0Ab5g00000343ROCAY",
      "lastModifiedById": "0055g00000BDNwlAAH",
      "lastModifiedByName": "Megha Mane",
      "lastModifiedDate": "2021-07-26T18:07:33.000Z",
      "manageableState": "installed",
      "namespacePrefix": "et4ae5",
      "type": "AuraDefinitionBundle"
    },
    {
      "createdById": "0055g00000BDNwlAAH",
      "createdByName": "Megha Mane",
      "createdDate": "2021-07-26T18:05:45.000Z",
      "fileName": "aura/et4ae5__HelpLinks",
      "fullName": "et4ae5__HelpLinks",
      "id": "0Ab5g00000343RVCAY",
      "lastModifiedById": "0055g00000BDNwlAAH",
      "lastModifiedByName": "Megha Mane",
      "lastModifiedDate": "2021-07-26T18:07:34.000Z",
      "manageableState": "installed",
      "namespacePrefix": "et4ae5",
      "type": "AuraDefinitionBundle"
    },
    {
      "createdById": "0055g00000BDNwlAAH",
      "createdByName": "Megha Mane",
      "createdDate": "2021-07-26T18:05:45.000Z",
      "fileName": "aura/et4ae5__UserManagementApp",
      "fullName": "et4ae5__UserManagementApp",
      "id": "0Ab5g00000343R2CAI",
      "lastModifiedById": "0055g00000BDNwlAAH",
      "lastModifiedByName": "Megha Mane",
      "lastModifiedDate": "2021-07-26T18:07:30.000Z",
      "manageableState": "installed",
      "namespacePrefix": "et4ae5",
      "type": "AuraDefinitionBundle"
    },
    {
      "createdById": "0055g00000BDNwlAAH",
      "createdByName": "Megha Mane",
      "createdDate": "2021-07-26T18:05:45.000Z",
      "fileName": "aura/et4ae5__TrackingDataCleanupNoAccessApp",
      "fullName": "et4ae5__TrackingDataCleanupNoAccessApp",
      "id": "0Ab5g00000343RPCAY",
      "lastModifiedById": "0055g00000BDNwlAAH",
      "lastModifiedByName": "Megha Mane",
      "lastModifiedDate": "2021-07-26T18:07:33.000Z",
      "manageableState": "installed",
      "namespacePrefix": "et4ae5",
      "type": "AuraDefinitionBundle"
    },
    {
      "createdById": "0055g00000BDNwlAAH",
      "createdByName": "Megha Mane",
      "createdDate": "2021-07-26T18:05:45.000Z",
      "fileName": "aura/et4ae5__DataTablePlusStartSearch",
      "fullName": "et4ae5__DataTablePlusStartSearch",
      "id": "0Ab5g00000343RWCAY",
      "lastModifiedById": "0055g00000BDNwlAAH",
      "lastModifiedByName": "Megha Mane",
      "lastModifiedDate": "2021-07-26T18:07:35.000Z",
      "manageableState": "installed",
      "namespacePrefix": "et4ae5",
      "type": "AuraDefinitionBundle"
    },
    {
      "createdById": "0055g00000BDuuxAAD",
      "createdByName": "Ashish Salunkhe",
      "createdDate": "2021-07-24T17:37:03.000Z",
      "fileName": "aura/MetroScheduleHeadingCmp",
      "fullName": "MetroScheduleHeadingCmp",
      "id": "0Ab5g0000033woSCAQ",
      "lastModifiedById": "0055g00000BDNwlAAH",
      "lastModifiedByName": "Megha Mane",
      "lastModifiedDate": "2021-08-02T05:42:50.000Z",
      "manageableState": "unmanaged",
      "type": "AuraDefinitionBundle"
    },
    {
      "createdById": "0055g00000BDNwlAAH",
      "createdByName": "Megha Mane",
      "createdDate": "2021-07-26T18:05:45.000Z",
      "fileName": "aura/et4ae5__IntegrateMarketingCloudUserApp",
      "fullName": "et4ae5__IntegrateMarketingCloudUserApp",
      "id": "0Ab5g00000343RECAY",
      "lastModifiedById": "0055g00000BDNwlAAH",
      "lastModifiedByName": "Megha Mane",
      "lastModifiedDate": "2021-07-26T18:07:29.000Z",
      "manageableState": "installed",
      "namespacePrefix": "et4ae5",
      "type": "AuraDefinitionBundle"
    },
    {
      "createdById": "0055g00000BDNwlAAH",
      "createdByName": "Megha Mane",
      "createdDate": "2021-07-23T14:51:13.000Z",
      "fileName": "aura/loginForm",
      "fullName": "loginForm",
      "id": "0Ab5g0000033tH9CAI",
      "lastModifiedById": "0055g00000BDNwlAAH",
      "lastModifiedByName": "Megha Mane",
      "lastModifiedDate": "2021-07-27T06:13:52.000Z",
      "manageableState": "unmanaged",
      "type": "AuraDefinitionBundle"
    },
    {
      "createdById": "0055g00000BDNwlAAH",
      "createdByName": "Megha Mane",
      "createdDate": "2021-07-26T18:05:45.000Z",
      "fileName": "aura/et4ae5__LaunchesModal",
      "fullName": "et4ae5__LaunchesModal",
      "id": "0Ab5g00000343RHCAY",
      "lastModifiedById": "0055g00000BDNwlAAH",
      "lastModifiedByName": "Megha Mane",
      "lastModifiedDate": "2021-07-26T18:07:30.000Z",
      "manageableState": "installed",
      "namespacePrefix": "et4ae5",
      "type": "AuraDefinitionBundle"
    },
    {
      "createdById": "0055g00000BDNwlAAH",
      "createdByName": "Megha Mane",
      "createdDate": "2021-07-26T18:05:45.000Z",
      "fileName": "aura/et4ae5__SkipWizzard",
      "fullName": "et4ae5__SkipWizzard",
      "id": "0Ab5g00000343R3CAI",
      "lastModifiedById": "0055g00000BDNwlAAH",
      "lastModifiedByName": "Megha Mane",
      "lastModifiedDate": "2021-07-26T18:07:30.000Z",
      "manageableState": "installed",
      "namespacePrefix": "et4ae5",
      "type": "AuraDefinitionBundle"
    },
    {
      "createdById": "0055g00000BDNwlAAH",
      "createdByName": "Megha Mane",
      "createdDate": "2021-07-26T18:05:45.000Z",
      "fileName": "aura/et4ae5__ListViewPlus",
      "fullName": "et4ae5__ListViewPlus",
      "id": "0Ab5g00000343QtCAI",
      "lastModifiedById": "0055g00000BDNwlAAH",
      "lastModifiedByName": "Megha Mane",
      "lastModifiedDate": "2021-07-26T18:07:34.000Z",
      "manageableState": "installed",
      "namespacePrefix": "et4ae5",
      "type": "AuraDefinitionBundle"
    },
    {
      "createdById": "0055g00000BDNwlAAH",
      "createdByName": "Megha Mane",
      "createdDate": "2021-07-26T12:10:12.000Z",
      "fileName": "aura/CreateCaseComponent",
      "fullName": "CreateCaseComponent",
      "id": "0Ab5g000003424JCAQ",
      "lastModifiedById": "0055g00000BDNwlAAH",
      "lastModifiedByName": "Megha Mane",
      "lastModifiedDate": "2021-07-26T12:24:23.000Z",
      "manageableState": "unmanaged",
      "type": "AuraDefinitionBundle"
    },
    {
      "createdById": "0055g00000BDNwlAAH",
      "createdByName": "Megha Mane",
      "createdDate": "2021-07-23T14:51:13.000Z",
      "fileName": "aura/forgotPassword",
      "fullName": "forgotPassword",
      "id": "0Ab5g0000033tHBCAY",
      "lastModifiedById": "0055g00000BDNwlAAH",
      "lastModifiedByName": "Megha Mane",
      "lastModifiedDate": "2021-07-27T06:13:53.000Z",
      "manageableState": "unmanaged",
      "type": "AuraDefinitionBundle"
    },
    {
      "createdById": "0055g00000BDNwlAAH",
      "createdByName": "Megha Mane",
      "createdDate": "2021-07-26T18:05:45.000Z",
      "fileName": "aura/et4ae5__UserManagement",
      "fullName": "et4ae5__UserManagement",
      "id": "0Ab5g00000343RaCAI",
      "lastModifiedById": "0055g00000BDNwlAAH",
      "lastModifiedByName": "Megha Mane",
      "lastModifiedDate": "2021-07-26T18:07:31.000Z",
      "manageableState": "installed",
      "namespacePrefix": "et4ae5",
      "type": "AuraDefinitionBundle"
    },
    {
      "createdById": "0055g00000BDNwlAAH",
      "createdByName": "Megha Mane",
      "createdDate": "2021-07-26T18:05:45.000Z",
      "fileName": "aura/et4ae5__svg",
      "fullName": "et4ae5__svg",
      "id": "0Ab5g00000343RUCAY",
      "lastModifiedById": "0055g00000BDNwlAAH",
      "lastModifiedByName": "Megha Mane",
      "lastModifiedDate": "2021-07-26T18:07:34.000Z",
      "manageableState": "installed",
      "namespacePrefix": "et4ae5",
      "type": "AuraDefinitionBundle"
    },
    {
      "createdById": "0055g00000BDNwlAAH",
      "createdByName": "Megha Mane",
      "createdDate": "2021-07-26T18:05:45.000Z",
      "fileName": "aura/et4ae5__TrackingDataCleanupGrid",
      "fullName": "et4ae5__TrackingDataCleanupGrid",
      "id": "0Ab5g00000343QkCAI",
      "lastModifiedById": "0055g00000BDNwlAAH",
      "lastModifiedByName": "Megha Mane",
      "lastModifiedDate": "2021-07-26T18:07:29.000Z",
      "manageableState": "installed",
      "namespacePrefix": "et4ae5",
      "type": "AuraDefinitionBundle"
    },
    {
      "createdById": "0055g00000BDuuxAAD",
      "createdByName": "Ashish Salunkhe",
      "createdDate": "2021-07-27T17:35:59.000Z",
      "fileName": "aura/MetroSchedule",
      "fullName": "MetroSchedule",
      "id": "0Ab5g0000034A2TCAU",
      "lastModifiedById": "0055g00000BDuuxAAD",
      "lastModifiedByName": "Ashish Salunkhe",
      "lastModifiedDate": "2021-07-27T17:39:38.000Z",
      "manageableState": "unmanaged",
      "type": "AuraDefinitionBundle"
    },
    {
      "createdById": "0055g00000BDNwlAAH",
      "createdByName": "Megha Mane",
      "createdDate": "2021-07-26T18:05:45.000Z",
      "fileName": "aura/et4ae5__SidebySide",
      "fullName": "et4ae5__SidebySide",
      "id": "0Ab5g00000343R6CAI",
      "lastModifiedById": "0055g00000BDNwlAAH",
      "lastModifiedByName": "Megha Mane",
      "lastModifiedDate": "2021-07-26T18:07:30.000Z",
      "manageableState": "installed",
      "namespacePrefix": "et4ae5",
      "type": "AuraDefinitionBundle"
    },
    {
      "createdById": "0055g00000BDNwlAAH",
      "createdByName": "Megha Mane",
      "createdDate": "2021-07-26T18:05:45.000Z",
      "fileName": "aura/et4ae5__BaseComponent",
      "fullName": "et4ae5__BaseComponent",
      "id": "0Ab5g00000343RACAY",
      "lastModifiedById": "0055g00000BDNwlAAH",
      "lastModifiedByName": "Megha Mane",
      "lastModifiedDate": "2021-07-26T18:07:25.000Z",
      "manageableState": "installed",
      "namespacePrefix": "et4ae5",
      "type": "AuraDefinitionBundle"
    },
    {
      "createdById": "0055g00000BDNwlAAH",
      "createdByName": "Megha Mane",
      "createdDate": "2021-07-26T18:05:45.000Z",
      "fileName": "aura/et4ae5__BusinessUnitRow",
      "fullName": "et4ae5__BusinessUnitRow",
      "id": "0Ab5g00000343RNCAY",
      "lastModifiedById": "0055g00000BDNwlAAH",
      "lastModifiedByName": "Megha Mane",
      "lastModifiedDate": "2021-07-26T18:07:33.000Z",
      "manageableState": "installed",
      "namespacePrefix": "et4ae5",
      "type": "AuraDefinitionBundle"
    },
    {
      "createdById": "0055g00000BDNwlAAH",
      "createdByName": "Megha Mane",
      "createdDate": "2021-07-26T18:05:45.000Z",
      "fileName": "aura/et4ae5__UserRow",
      "fullName": "et4ae5__UserRow",
      "id": "0Ab5g00000343QxCAI",
      "lastModifiedById": "0055g00000BDNwlAAH",
      "lastModifiedByName": "Megha Mane",
      "lastModifiedDate": "2021-07-26T18:07:34.000Z",
      "manageableState": "installed",
      "namespacePrefix": "et4ae5",
      "type": "AuraDefinitionBundle"
    },
    {
      "createdById": "0055g00000BDuuxAAD",
      "createdByName": "Ashish Salunkhe",
      "createdDate": "2021-07-24T10:15:05.000Z",
      "fileName": "aura/MetroTest",
      "fullName": "MetroTest",
      "id": "0Ab5g0000033vMWCAY",
      "lastModifiedById": "0055g00000BDNwlAAH",
      "lastModifiedByName": "Megha Mane",
      "lastModifiedDate": "2021-07-27T06:13:51.000Z",
      "manageableState": "unmanaged",
      "type": "AuraDefinitionBundle"
    }
  ]
}
