{
  "status": 0,
  "result": [
    {
      "createdById": "0055g00000BDNwlAAH",
      "createdByName": "Megha Mane",
      "createdDate": "2021-07-30T17:15:38.000Z",
      "fileName": "bots/MetroLinkBot.bot",
      "fullName": "MetroLinkBot",
      "id": "0Xx5g000000oQ6BCAU",
      "lastModifiedById": "0055g00000BDNwlAAH",
      "lastModifiedByName": "Megha Mane",
      "lastModifiedDate": "2021-07-30T17:15:38.000Z",
      "type": "Bot"
    },
    {
      "createdById": "0055g00000BDNwlAAH",
      "createdByName": "Megha Mane",
      "createdDate": "2021-07-27T09:57:08.000Z",
      "fileName": "bots/MetroBot.bot",
      "fullName": "MetroBot",
      "id": "0Xx5g000000oPsyCAE",
      "lastModifiedById": "0055g00000BDNwlAAH",
      "lastModifiedByName": "Megha Mane",
      "lastModifiedDate": "2021-07-30T17:14:11.000Z",
      "type": "Bot"
    }
  ]
}
