{
  "status": 0,
  "result": {
    "createdById": "0055g00000BDNwlAAH",
    "createdByName": "Megha Mane",
    "createdDate": "2021-07-24T04:57:33.000Z",
    "fileName": "corsWhitelistOrigins/Chat_Setup_Flow_CORS.corsWhitelistOrigin",
    "fullName": "Chat_Setup_Flow_CORS",
    "id": "0745g000000fzq4AAA",
    "lastModifiedById": "0055g00000BDuuxAAD",
    "lastModifiedByName": "Ashish Salunkhe",
    "lastModifiedDate": "2021-07-24T09:57:51.000Z",
    "manageableState": "unmanaged",
    "type": "CorsWhitelistOrigin"
  }
}
