{
  "status": 0,
  "result": [
    {
      "createdById": "0055g00000BDNwlAAH",
      "createdByName": "Megha Mane",
      "createdDate": "2021-07-29T04:56:10.000Z",
      "fileName": "cspTrustedSites/fonts_googleapis_com.cspTrustedSite",
      "fullName": "fonts_googleapis_com",
      "id": "08y5g0000004EW1AAM",
      "lastModifiedById": "0055g00000BDNwlAAH",
      "lastModifiedByName": "Megha Mane",
      "lastModifiedDate": "2021-07-29T04:56:10.000Z",
      "manageableState": "unmanaged",
      "type": "CspTrustedSite"
    },
    {
      "createdById": "0055g00000BDNwlAAH",
      "createdByName": "Megha Mane",
      "createdDate": "2021-07-26T15:57:47.000Z",
      "fileName": "cspTrustedSites/b_zmtcdn_com.cspTrustedSite",
      "fullName": "b_zmtcdn_com",
      "id": "08y5g0000004ETXAA2",
      "lastModifiedById": "0055g00000BDNwlAAH",
      "lastModifiedByName": "Megha Mane",
      "lastModifiedDate": "2021-07-26T15:57:47.000Z",
      "manageableState": "unmanaged",
      "type": "CspTrustedSite"
    },
    {
      "createdById": "0055g00000BDNwlAAH",
      "createdByName": "Megha Mane",
      "createdDate": "2021-07-26T15:57:58.000Z",
      "fileName": "cspTrustedSites/CommTrustedSite.cspTrustedSite",
      "fullName": "CommTrustedSite",
      "id": "08y5g0000004ETcAAM",
      "lastModifiedById": "0055g00000BDNwlAAH",
      "lastModifiedByName": "Megha Mane",
      "lastModifiedDate": "2021-07-26T15:57:58.000Z",
      "manageableState": "unmanaged",
      "type": "CspTrustedSite"
    },
    {
      "createdById": "0055g00000BDNwlAAH",
      "createdByName": "Megha Mane",
      "createdDate": "2021-07-26T09:11:06.000Z",
      "fileName": "cspTrustedSites/ZomatoDevelopers.cspTrustedSite",
      "fullName": "ZomatoDevelopers",
      "id": "08y5g0000004ET8AAM",
      "lastModifiedById": "0055g00000BDNwlAAH",
      "lastModifiedByName": "Megha Mane",
      "lastModifiedDate": "2021-07-26T09:11:06.000Z",
      "manageableState": "unmanaged",
      "type": "CspTrustedSite"
    },
    {
      "createdById": "0055g00000BDNwlAAH",
      "createdByName": "Megha Mane",
      "createdDate": "2021-07-29T04:56:29.000Z",
      "fileName": "cspTrustedSites/fonts_gstatic_com.cspTrustedSite",
      "fullName": "fonts_gstatic_com",
      "id": "08y5g0000004EW6AAM",
      "lastModifiedById": "0055g00000BDNwlAAH",
      "lastModifiedByName": "Megha Mane",
      "lastModifiedDate": "2021-07-29T04:56:29.000Z",
      "manageableState": "unmanaged",
      "type": "CspTrustedSite"
    }
  ]
}
