{
  "status": 0,
  "result": [
    {
      "createdById": "0055g00000BDNwlAAH",
      "createdByName": "Megha Mane",
      "createdDate": "2021-07-26T18:06:28.000Z",
      "fileName": "tabs/et4ae5__Send_Analytics.tab",
      "fullName": "et4ae5__Send_Analytics",
      "id": "01r5g000000YtSRAA0",
      "lastModifiedById": "0055g00000BDNwlAAH",
      "lastModifiedByName": "Megha Mane",
      "lastModifiedDate": "2021-07-26T18:06:28.000Z",
      "manageableState": "installed",
      "namespacePrefix": "et4ae5",
      "type": "CustomTab"
    },
    {
      "createdById": "0055g00000BDNwlAAH",
      "createdByName": "Megha Mane",
      "createdDate": "2021-07-26T16:26:52.000Z",
      "fileName": "tabs/MetroLocation__c.tab",
      "fullName": "MetroLocation__c",
      "id": "01r5g000000YtPFAA0",
      "lastModifiedById": "0055g00000BDNwlAAH",
      "lastModifiedByName": "Megha Mane",
      "lastModifiedDate": "2021-07-26T16:26:52.000Z",
      "manageableState": "unmanaged",
      "type": "CustomTab"
    },
    {
      "createdById": "0055g00000BDNwlAAH",
      "createdByName": "Megha Mane",
      "createdDate": "2021-07-26T18:06:28.000Z",
      "fileName": "tabs/et4ae5__SMSDefinition__c.tab",
      "fullName": "et4ae5__SMSDefinition__c",
      "id": "01r5g000000YtSPAA0",
      "lastModifiedById": "0055g00000BDNwlAAH",
      "lastModifiedByName": "Megha Mane",
      "lastModifiedDate": "2021-07-26T18:06:28.000Z",
      "manageableState": "installed",
      "namespacePrefix": "et4ae5",
      "type": "CustomTab"
    },
    {
      "createdById": "0055g00000BDuuxAAD",
      "createdByName": "Ashish Salunkhe",
      "createdDate": "2021-08-01T07:00:54.000Z",
      "fileName": "tabs/MetroPass__c.tab",
      "fullName": "MetroPass__c",
      "id": "01r5g000000YwBwAAK",
      "lastModifiedById": "0055g00000BDuuxAAD",
      "lastModifiedByName": "Ashish Salunkhe",
      "lastModifiedDate": "2021-08-01T07:00:54.000Z",
      "manageableState": "unmanaged",
      "type": "CustomTab"
    },
    {
      "createdById": "0055g00000BDNwlAAH",
      "createdByName": "Megha Mane",
      "createdDate": "2021-07-26T16:27:27.000Z",
      "fileName": "tabs/MetroSlot__c.tab",
      "fullName": "MetroSlot__c",
      "id": "01r5g000000YtPKAA0",
      "lastModifiedById": "0055g00000BDNwlAAH",
      "lastModifiedByName": "Megha Mane",
      "lastModifiedDate": "2021-07-26T16:27:27.000Z",
      "manageableState": "unmanaged",
      "type": "CustomTab"
    },
    {
      "createdById": "0055g00000BDNwlAAH",
      "createdByName": "Megha Mane",
      "createdDate": "2021-07-26T16:28:27.000Z",
      "fileName": "tabs/Metro_Train__c.tab",
      "fullName": "Metro_Train__c",
      "id": "01r5g000000YtPUAA0",
      "lastModifiedById": "0055g00000BDNwlAAH",
      "lastModifiedByName": "Megha Mane",
      "lastModifiedDate": "2021-07-26T16:28:27.000Z",
      "manageableState": "unmanaged",
      "type": "CustomTab"
    },
    {
      "createdById": "0055g00000BDuuxAAD",
      "createdByName": "Ashish Salunkhe",
      "createdDate": "2021-07-24T07:46:15.000Z",
      "fileName": "tabs/Knowledge__kav.tab",
      "fullName": "Knowledge__kav",
      "id": "01r5g000000YsO8AAK",
      "lastModifiedById": "0055g00000BDuuxAAD",
      "lastModifiedByName": "Ashish Salunkhe",
      "lastModifiedDate": "2021-07-24T07:46:15.000Z",
      "manageableState": "unmanaged",
      "type": "CustomTab"
    },
    {
      "createdById": "0055g00000BDNwlAAH",
      "createdByName": "Megha Mane",
      "createdDate": "2021-07-26T16:27:46.000Z",
      "fileName": "tabs/MetroStationJunction__c.tab",
      "fullName": "MetroStationJunction__c",
      "id": "01r5g000000YtPPAA0",
      "lastModifiedById": "0055g00000BDNwlAAH",
      "lastModifiedByName": "Megha Mane",
      "lastModifiedDate": "2021-07-26T16:27:46.000Z",
      "manageableState": "unmanaged",
      "type": "CustomTab"
    },
    {
      "createdById": "0055g00000BDNwlAAH",
      "createdByName": "Megha Mane",
      "createdDate": "2021-07-26T16:29:15.000Z",
      "fileName": "tabs/Ticket__c.tab",
      "fullName": "Ticket__c",
      "id": "01r5g000000YtPeAAK",
      "lastModifiedById": "0055g00000BDNwlAAH",
      "lastModifiedByName": "Megha Mane",
      "lastModifiedDate": "2021-07-26T16:29:15.000Z",
      "manageableState": "unmanaged",
      "type": "CustomTab"
    },
    {
      "createdById": "0055g00000BDNwlAAH",
      "createdByName": "Megha Mane",
      "createdDate": "2021-07-26T18:06:28.000Z",
      "fileName": "tabs/et4ae5__SendDefinition__c.tab",
      "fullName": "et4ae5__SendDefinition__c",
      "id": "01r5g000000YtSQAA0",
      "lastModifiedById": "0055g00000BDNwlAAH",
      "lastModifiedByName": "Megha Mane",
      "lastModifiedDate": "2021-07-26T18:06:28.000Z",
      "manageableState": "installed",
      "namespacePrefix": "et4ae5",
      "type": "CustomTab"
    },
    {
      "createdById": "0055g00000BDNwlAAH",
      "createdByName": "Megha Mane",
      "createdDate": "2021-07-26T16:28:53.000Z",
      "fileName": "tabs/Station__c.tab",
      "fullName": "Station__c",
      "id": "01r5g000000YtPZAA0",
      "lastModifiedById": "0055g00000BDNwlAAH",
      "lastModifiedByName": "Megha Mane",
      "lastModifiedDate": "2021-07-26T16:28:53.000Z",
      "manageableState": "unmanaged",
      "type": "CustomTab"
    },
    {
      "createdById": "0055g00000BDNwlAAH",
      "createdByName": "Megha Mane",
      "createdDate": "2021-07-26T18:06:28.000Z",
      "fileName": "tabs/et4ae5__ExactTargetPhoenix.tab",
      "fullName": "et4ae5__ExactTargetPhoenix",
      "id": "01r5g000000YtSOAA0",
      "lastModifiedById": "0055g00000BDNwlAAH",
      "lastModifiedByName": "Megha Mane",
      "lastModifiedDate": "2021-07-26T18:06:28.000Z",
      "manageableState": "installed",
      "namespacePrefix": "et4ae5",
      "type": "CustomTab"
    },
    {
      "createdById": "0055g00000BDuuxAAD",
      "createdByName": "Ashish Salunkhe",
      "createdDate": "2021-08-01T09:09:11.000Z",
      "fileName": "tabs/MetroWallet__c.tab",
      "fullName": "MetroWallet__c",
      "id": "01r5g000000YwDdAAK",
      "lastModifiedById": "0055g00000BDuuxAAD",
      "lastModifiedByName": "Ashish Salunkhe",
      "lastModifiedDate": "2021-08-01T09:09:11.000Z",
      "manageableState": "unmanaged",
      "type": "CustomTab"
    }
  ]
}
