{
  "status": 0,
  "result": [
    {
      "createdById": "0055g00000BDNwlAAH",
      "createdByName": "Megha Mane",
      "createdDate": "1970-01-01T00:00:00.000Z",
      "fileName": "objects/LiveAgentSession.object",
      "fullName": "LiveAgentSession",
      "id": "",
      "lastModifiedById": "0055g00000BDNwlAAH",
      "lastModifiedByName": "Megha Mane",
      "lastModifiedDate": "1970-01-01T00:00:00.000Z",
      "namespacePrefix": "",
      "type": "CustomObject"
    },
    {
      "createdById": "0055g00000BDNwlAAH",
      "createdByName": "Megha Mane",
      "createdDate": "1970-01-01T00:00:00.000Z",
      "fileName": "objects/Contract.object",
      "fullName": "Contract",
      "id": "",
      "lastModifiedById": "0055g00000BDNwlAAH",
      "lastModifiedByName": "Megha Mane",
      "lastModifiedDate": "1970-01-01T00:00:00.000Z",
      "namespacePrefix": "",
      "type": "CustomObject"
    },
    {
      "createdById": "0055g00000BDNwlAAH",
      "createdByName": "Megha Mane",
      "createdDate": "1970-01-01T00:00:00.000Z",
      "fileName": "objects/Recommendation.object",
      "fullName": "Recommendation",
      "id": "",
      "lastModifiedById": "0055g00000BDNwlAAH",
      "lastModifiedByName": "Megha Mane",
      "lastModifiedDate": "1970-01-01T00:00:00.000Z",
      "namespacePrefix": "",
      "type": "CustomObject"
    },
    {
      "createdById": "0055g00000BDuuxAAD",
      "createdByName": "Ashish Salunkhe",
      "createdDate": "2021-07-25T11:00:26.000Z",
      "fileName": "objects/MetroStationJunction__c.object",
      "fullName": "MetroStationJunction__c",
      "id": "01I5g000000SXxXEAW",
      "lastModifiedById": "0055g00000BDNwlAAH",
      "lastModifiedByName": "Megha Mane",
      "lastModifiedDate": "2021-07-26T18:00:53.000Z",
      "manageableState": "unmanaged",
      "type": "CustomObject"
    },
    {
      "createdById": "0055g00000BDNwlAAH",
      "createdByName": "Megha Mane",
      "createdDate": "1970-01-01T00:00:00.000Z",
      "fileName": "objects/ExpressionFilter.object",
      "fullName": "ExpressionFilter",
      "id": "",
      "lastModifiedById": "0055g00000BDNwlAAH",
      "lastModifiedByName": "Megha Mane",
      "lastModifiedDate": "1970-01-01T00:00:00.000Z",
      "namespacePrefix": "",
      "type": "CustomObject"
    },
    {
      "createdById": "0055g00000BDNwlAAH",
      "createdByName": "Megha Mane",
      "createdDate": "1970-01-01T00:00:00.000Z",
      "fileName": "objects/UserServicePresence.object",
      "fullName": "UserServicePresence",
      "id": "",
      "lastModifiedById": "0055g00000BDNwlAAH",
      "lastModifiedByName": "Megha Mane",
      "lastModifiedDate": "1970-01-01T00:00:00.000Z",
      "namespacePrefix": "",
      "type": "CustomObject"
    },
    {
      "createdById": "0055g00000BDNwlAAH",
      "createdByName": "Megha Mane",
      "createdDate": "1970-01-01T00:00:00.000Z",
      "fileName": "objects/Payment.object",
      "fullName": "Payment",
      "id": "",
      "lastModifiedById": "0055g00000BDNwlAAH",
      "lastModifiedByName": "Megha Mane",
      "lastModifiedDate": "1970-01-01T00:00:00.000Z",
      "namespacePrefix": "",
      "type": "CustomObject"
    },
    {
      "createdById": "0055g00000BDNwlAAH",
      "createdByName": "Megha Mane",
      "createdDate": "1970-01-01T00:00:00.000Z",
      "fileName": "objects/MacroInstruction.object",
      "fullName": "MacroInstruction",
      "id": "",
      "lastModifiedById": "0055g00000BDNwlAAH",
      "lastModifiedByName": "Megha Mane",
      "lastModifiedDate": "1970-01-01T00:00:00.000Z",
      "namespacePrefix": "",
      "type": "CustomObject"
    },
    {
      "createdById": "0055g00000BDNwlAAH",
      "createdByName": "Megha Mane",
      "createdDate": "2021-07-26T18:05:59.000Z",
      "fileName": "objects/et4ae5__Campaign_Member_Configuration__c.object",
      "fullName": "et4ae5__Campaign_Member_Configuration__c",
      "id": "01I5g000000SZXsEAO",
      "lastModifiedById": "0055g00000BDNwlAAH",
      "lastModifiedByName": "Megha Mane",
      "lastModifiedDate": "2021-07-26T18:08:04.000Z",
      "manageableState": "installed",
      "namespacePrefix": "et4ae5",
      "type": "CustomObject"
    },
    {
      "createdById": "0055g00000BDNwlAAH",
      "createdByName": "Megha Mane",
      "createdDate": "1970-01-01T00:00:00.000Z",
      "fileName": "objects/OrgDeleteRequest.object",
      "fullName": "OrgDeleteRequest",
      "id": "",
      "lastModifiedById": "0055g00000BDNwlAAH",
      "lastModifiedByName": "Megha Mane",
      "lastModifiedDate": "1970-01-01T00:00:00.000Z",
      "namespacePrefix": "",
      "type": "CustomObject"
    },
    {
      "createdById": "0055g00000BDNwlAAH",
      "createdByName": "Megha Mane",
      "createdDate": "1970-01-01T00:00:00.000Z",
      "fileName": "objects/Product2.object",
      "fullName": "Product2",
      "id": "",
      "lastModifiedById": "0055g00000BDNwlAAH",
      "lastModifiedByName": "Megha Mane",
      "lastModifiedDate": "1970-01-01T00:00:00.000Z",
      "namespacePrefix": "",
      "type": "CustomObject"
    },
    {
      "createdById": "0055g00000BDNwlAAH",
      "createdByName": "Megha Mane",
      "createdDate": "1970-01-01T00:00:00.000Z",
      "fileName": "objects/ExchangeUserMapping.object",
      "fullName": "ExchangeUserMapping",
      "id": "",
      "lastModifiedById": "0055g00000BDNwlAAH",
      "lastModifiedByName": "Megha Mane",
      "lastModifiedDate": "1970-01-01T00:00:00.000Z",
      "namespacePrefix": "",
      "type": "CustomObject"
    },
    {
      "createdById": "0055g00000BDNwlAAH",
      "createdByName": "Megha Mane",
      "createdDate": "1970-01-01T00:00:00.000Z",
      "fileName": "objects/OperatingHours.object",
      "fullName": "OperatingHours",
      "id": "",
      "lastModifiedById": "0055g00000BDNwlAAH",
      "lastModifiedByName": "Megha Mane",
      "lastModifiedDate": "1970-01-01T00:00:00.000Z",
      "namespacePrefix": "",
      "type": "CustomObject"
    },
    {
      "createdById": "0055g00000BDNwlAAH",
      "createdByName": "Megha Mane",
      "createdDate": "1970-01-01T00:00:00.000Z",
      "fileName": "objects/ContactRequest.object",
      "fullName": "ContactRequest",
      "id": "",
      "lastModifiedById": "0055g00000BDNwlAAH",
      "lastModifiedByName": "Megha Mane",
      "lastModifiedDate": "1970-01-01T00:00:00.000Z",
      "namespacePrefix": "",
      "type": "CustomObject"
    },
    {
      "createdById": "0055g00000BDNwlAAH",
      "createdByName": "Megha Mane",
      "createdDate": "1970-01-01T00:00:00.000Z",
      "fileName": "objects/UserProvisioningRequest.object",
      "fullName": "UserProvisioningRequest",
      "id": "",
      "lastModifiedById": "0055g00000BDNwlAAH",
      "lastModifiedByName": "Megha Mane",
      "lastModifiedDate": "1970-01-01T00:00:00.000Z",
      "namespacePrefix": "",
      "type": "CustomObject"
    },
    {
      "createdById": "0055g00000BDNwlAAH",
      "createdByName": "Megha Mane",
      "createdDate": "1970-01-01T00:00:00.000Z",
      "fileName": "objects/PaymentGateway.object",
      "fullName": "PaymentGateway",
      "id": "",
      "lastModifiedById": "0055g00000BDNwlAAH",
      "lastModifiedByName": "Megha Mane",
      "lastModifiedDate": "1970-01-01T00:00:00.000Z",
      "namespacePrefix": "",
      "type": "CustomObject"
    },
    {
      "createdById": "0055g00000BDNwlAAH",
      "createdByName": "Megha Mane",
      "createdDate": "1970-01-01T00:00:00.000Z",
      "fileName": "objects/Opportunity.object",
      "fullName": "Opportunity",
      "id": "",
      "lastModifiedById": "0055g00000BDNwlAAH",
      "lastModifiedByName": "Megha Mane",
      "lastModifiedDate": "1970-01-01T00:00:00.000Z",
      "namespacePrefix": "",
      "type": "CustomObject"
    },
    {
      "createdById": "0055g00000BDNwlAAH",
      "createdByName": "Megha Mane",
      "createdDate": "1970-01-01T00:00:00.000Z",
      "fileName": "objects/CommSubscriptionConsent.object",
      "fullName": "CommSubscriptionConsent",
      "id": "",
      "lastModifiedById": "0055g00000BDNwlAAH",
      "lastModifiedByName": "Megha Mane",
      "lastModifiedDate": "1970-01-01T00:00:00.000Z",
      "namespacePrefix": "",
      "type": "CustomObject"
    },
    {
      "createdById": "0055g00000BDNwlAAH",
      "createdByName": "Megha Mane",
      "createdDate": "1970-01-01T00:00:00.000Z",
      "fileName": "objects/Macro.object",
      "fullName": "Macro",
      "id": "",
      "lastModifiedById": "0055g00000BDNwlAAH",
      "lastModifiedByName": "Megha Mane",
      "lastModifiedDate": "1970-01-01T00:00:00.000Z",
      "namespacePrefix": "",
      "type": "CustomObject"
    },
    {
      "createdById": "0055g00000BDNwlAAH",
      "createdByName": "Megha Mane",
      "createdDate": "1970-01-01T00:00:00.000Z",
      "fileName": "objects/CollaborationGroup.object",
      "fullName": "CollaborationGroup",
      "id": "",
      "lastModifiedById": "0055g00000BDNwlAAH",
      "lastModifiedByName": "Megha Mane",
      "lastModifiedDate": "1970-01-01T00:00:00.000Z",
      "namespacePrefix": "",
      "type": "CustomObject"
    },
    {
      "createdById": "0055g00000BDuuxAAD",
      "createdByName": "Ashish Salunkhe",
      "createdDate": "2021-08-01T09:10:57.000Z",
      "fileName": "objects/MetroStation_MetaData__mdt.object",
      "fullName": "MetroStation_MetaData__mdt",
      "id": "01I5g000000SgjcEAC",
      "lastModifiedById": "0055g00000BDuuxAAD",
      "lastModifiedByName": "Ashish Salunkhe",
      "lastModifiedDate": "2021-08-01T09:10:57.000Z",
      "manageableState": "unmanaged",
      "type": "CustomObject"
    },
    {
      "createdById": "0055g00000BDNwlAAH",
      "createdByName": "Megha Mane",
      "createdDate": "1970-01-01T00:00:00.000Z",
      "fileName": "objects/CreditMemo.object",
      "fullName": "CreditMemo",
      "id": "",
      "lastModifiedById": "0055g00000BDNwlAAH",
      "lastModifiedByName": "Megha Mane",
      "lastModifiedDate": "1970-01-01T00:00:00.000Z",
      "namespacePrefix": "",
      "type": "CustomObject"
    },
    {
      "createdById": "0055g00000BDNwlAAH",
      "createdByName": "Megha Mane",
      "createdDate": "1970-01-01T00:00:00.000Z",
      "fileName": "objects/ServiceTerritoryWorkType.object",
      "fullName": "ServiceTerritoryWorkType",
      "id": "",
      "lastModifiedById": "0055g00000BDNwlAAH",
      "lastModifiedByName": "Megha Mane",
      "lastModifiedDate": "1970-01-01T00:00:00.000Z",
      "namespacePrefix": "",
      "type": "CustomObject"
    },
    {
      "createdById": "0055g00000BDNwlAAH",
      "createdByName": "Megha Mane",
      "createdDate": "1970-01-01T00:00:00.000Z",
      "fileName": "objects/PartnerRole.object",
      "fullName": "PartnerRole",
      "id": "",
      "lastModifiedById": "0055g00000BDNwlAAH",
      "lastModifiedByName": "Megha Mane",
      "lastModifiedDate": "1970-01-01T00:00:00.000Z",
      "namespacePrefix": "",
      "type": "CustomObject"
    },
    {
      "createdById": "0055g00000BDNwlAAH",
      "createdByName": "Megha Mane",
      "createdDate": "1970-01-01T00:00:00.000Z",
      "fileName": "objects/AuthorizationFormText.object",
      "fullName": "AuthorizationFormText",
      "id": "",
      "lastModifiedById": "0055g00000BDNwlAAH",
      "lastModifiedByName": "Megha Mane",
      "lastModifiedDate": "1970-01-01T00:00:00.000Z",
      "namespacePrefix": "",
      "type": "CustomObject"
    },
    {
      "createdById": "0055g00000BDNwlAAH",
      "createdByName": "Megha Mane",
      "createdDate": "1970-01-01T00:00:00.000Z",
      "fileName": "objects/AssignedResource.object",
      "fullName": "AssignedResource",
      "id": "",
      "lastModifiedById": "0055g00000BDNwlAAH",
      "lastModifiedByName": "Megha Mane",
      "lastModifiedDate": "1970-01-01T00:00:00.000Z",
      "namespacePrefix": "",
      "type": "CustomObject"
    },
    {
      "createdById": "0055g00000BDNwlAAH",
      "createdByName": "Megha Mane",
      "createdDate": "1970-01-01T00:00:00.000Z",
      "fileName": "objects/LiveChatTranscriptEvent.object",
      "fullName": "LiveChatTranscriptEvent",
      "id": "",
      "lastModifiedById": "0055g00000BDNwlAAH",
      "lastModifiedByName": "Megha Mane",
      "lastModifiedDate": "1970-01-01T00:00:00.000Z",
      "namespacePrefix": "",
      "type": "CustomObject"
    },
    {
      "createdById": "0055g00000BDNwlAAH",
      "createdByName": "Megha Mane",
      "createdDate": "1970-01-01T00:00:00.000Z",
      "fileName": "objects/CollaborationGroupMember.object",
      "fullName": "CollaborationGroupMember",
      "id": "",
      "lastModifiedById": "0055g00000BDNwlAAH",
      "lastModifiedByName": "Megha Mane",
      "lastModifiedDate": "1970-01-01T00:00:00.000Z",
      "namespacePrefix": "",
      "type": "CustomObject"
    },
    {
      "createdById": "0055g00000BDNwlAAH",
      "createdByName": "Megha Mane",
      "createdDate": "2021-07-26T18:06:03.000Z",
      "fileName": "objects/et4ae5__SMSDefinition__c.object",
      "fullName": "et4ae5__SMSDefinition__c",
      "id": "01I5g000000SZY8EAO",
      "lastModifiedById": "0055g00000BDNwlAAH",
      "lastModifiedByName": "Megha Mane",
      "lastModifiedDate": "2021-07-26T18:08:05.000Z",
      "manageableState": "installed",
      "namespacePrefix": "et4ae5",
      "type": "CustomObject"
    },
    {
      "createdById": "0055g00000BDNwlAAH",
      "createdByName": "Megha Mane",
      "createdDate": "1970-01-01T00:00:00.000Z",
      "fileName": "objects/MLModelFactorComponent.object",
      "fullName": "MLModelFactorComponent",
      "id": "",
      "lastModifiedById": "0055g00000BDNwlAAH",
      "lastModifiedByName": "Megha Mane",
      "lastModifiedDate": "1970-01-01T00:00:00.000Z",
      "namespacePrefix": "",
      "type": "CustomObject"
    },
    {
      "createdById": "0055g00000BDuuxAAD",
      "createdByName": "Ashish Salunkhe",
      "createdDate": "2021-07-25T10:26:40.000Z",
      "fileName": "objects/MetroLocation__c.object",
      "fullName": "MetroLocation__c",
      "id": "01I5g000000SXwyEAG",
      "lastModifiedById": "0055g00000BDuuxAAD",
      "lastModifiedByName": "Ashish Salunkhe",
      "lastModifiedDate": "2021-07-25T10:41:35.000Z",
      "manageableState": "unmanaged",
      "type": "CustomObject"
    },
    {
      "createdById": "0055g00000BDNwlAAH",
      "createdByName": "Megha Mane",
      "createdDate": "1970-01-01T00:00:00.000Z",
      "fileName": "objects/Individual.object",
      "fullName": "Individual",
      "id": "",
      "lastModifiedById": "0055g00000BDNwlAAH",
      "lastModifiedByName": "Megha Mane",
      "lastModifiedDate": "1970-01-01T00:00:00.000Z",
      "namespacePrefix": "",
      "type": "CustomObject"
    },
    {
      "createdById": "0055g00000BDNwlAAH",
      "createdByName": "Megha Mane",
      "createdDate": "1970-01-01T00:00:00.000Z",
      "fileName": "objects/NetworkMemberChunk.object",
      "fullName": "NetworkMemberChunk",
      "id": "",
      "lastModifiedById": "0055g00000BDNwlAAH",
      "lastModifiedByName": "Megha Mane",
      "lastModifiedDate": "1970-01-01T00:00:00.000Z",
      "namespacePrefix": "",
      "type": "CustomObject"
    },
    {
      "createdById": "0055g00000BDNwlAAH",
      "createdByName": "Megha Mane",
      "createdDate": "1970-01-01T00:00:00.000Z",
      "fileName": "objects/ReturnOrderLineItem.object",
      "fullName": "ReturnOrderLineItem",
      "id": "",
      "lastModifiedById": "0055g00000BDNwlAAH",
      "lastModifiedByName": "Megha Mane",
      "lastModifiedDate": "1970-01-01T00:00:00.000Z",
      "namespacePrefix": "",
      "type": "CustomObject"
    },
    {
      "createdById": "0055g00000BDNwlAAH",
      "createdByName": "Megha Mane",
      "createdDate": "1970-01-01T00:00:00.000Z",
      "fileName": "objects/Event.object",
      "fullName": "Event",
      "id": "",
      "lastModifiedById": "0055g00000BDNwlAAH",
      "lastModifiedByName": "Megha Mane",
      "lastModifiedDate": "1970-01-01T00:00:00.000Z",
      "namespacePrefix": "",
      "type": "CustomObject"
    },
    {
      "createdById": "0055g00000BDNwlAAH",
      "createdByName": "Megha Mane",
      "createdDate": "1970-01-01T00:00:00.000Z",
      "fileName": "objects/CreditMemoLine.object",
      "fullName": "CreditMemoLine",
      "id": "",
      "lastModifiedById": "0055g00000BDNwlAAH",
      "lastModifiedByName": "Megha Mane",
      "lastModifiedDate": "1970-01-01T00:00:00.000Z",
      "namespacePrefix": "",
      "type": "CustomObject"
    },
    {
      "createdById": "0055g00000BDNwlAAH",
      "createdByName": "Megha Mane",
      "createdDate": "1970-01-01T00:00:00.000Z",
      "fileName": "objects/ContactPointEmail.object",
      "fullName": "ContactPointEmail",
      "id": "",
      "lastModifiedById": "0055g00000BDNwlAAH",
      "lastModifiedByName": "Megha Mane",
      "lastModifiedDate": "1970-01-01T00:00:00.000Z",
      "namespacePrefix": "",
      "type": "CustomObject"
    },
    {
      "createdById": "0055g00000BDNwlAAH",
      "createdByName": "Megha Mane",
      "createdDate": "1970-01-01T00:00:00.000Z",
      "fileName": "objects/LinkedArticle.object",
      "fullName": "LinkedArticle",
      "id": "",
      "lastModifiedById": "0055g00000BDNwlAAH",
      "lastModifiedByName": "Megha Mane",
      "lastModifiedDate": "1970-01-01T00:00:00.000Z",
      "namespacePrefix": "",
      "type": "CustomObject"
    },
    {
      "createdById": "0055g00000BDNwlAAH",
      "createdByName": "Megha Mane",
      "createdDate": "1970-01-01T00:00:00.000Z",
      "fileName": "objects/ContactCleanInfo.object",
      "fullName": "ContactCleanInfo",
      "id": "",
      "lastModifiedById": "0055g00000BDNwlAAH",
      "lastModifiedByName": "Megha Mane",
      "lastModifiedDate": "1970-01-01T00:00:00.000Z",
      "namespacePrefix": "",
      "type": "CustomObject"
    },
    {
      "createdById": "0055g00000BDNwlAAH",
      "createdByName": "Megha Mane",
      "createdDate": "1970-01-01T00:00:00.000Z",
      "fileName": "objects/Campaign.object",
      "fullName": "Campaign",
      "id": "",
      "lastModifiedById": "0055g00000BDNwlAAH",
      "lastModifiedByName": "Megha Mane",
      "lastModifiedDate": "1970-01-01T00:00:00.000Z",
      "namespacePrefix": "",
      "type": "CustomObject"
    },
    {
      "createdById": "0055g00000BDNwlAAH",
      "createdByName": "Megha Mane",
      "createdDate": "1970-01-01T00:00:00.000Z",
      "fileName": "objects/FinanceTransaction.object",
      "fullName": "FinanceTransaction",
      "id": "",
      "lastModifiedById": "0055g00000BDNwlAAH",
      "lastModifiedByName": "Megha Mane",
      "lastModifiedDate": "1970-01-01T00:00:00.000Z",
      "namespacePrefix": "",
      "type": "CustomObject"
    },
    {
      "createdById": "0055g00000BDNwlAAH",
      "createdByName": "Megha Mane",
      "createdDate": "1970-01-01T00:00:00.000Z",
      "fileName": "objects/LiveChatTranscriptSkill.object",
      "fullName": "LiveChatTranscriptSkill",
      "id": "",
      "lastModifiedById": "0055g00000BDNwlAAH",
      "lastModifiedByName": "Megha Mane",
      "lastModifiedDate": "1970-01-01T00:00:00.000Z",
      "namespacePrefix": "",
      "type": "CustomObject"
    },
    {
      "createdById": "0055g00000BDNwlAAH",
      "createdByName": "Megha Mane",
      "createdDate": "2021-07-26T18:05:59.000Z",
      "fileName": "objects/et4ae5__Configuration__c.object",
      "fullName": "et4ae5__Configuration__c",
      "id": "01I5g000000SZXtEAO",
      "lastModifiedById": "0055g00000BDNwlAAH",
      "lastModifiedByName": "Megha Mane",
      "lastModifiedDate": "2021-07-26T18:08:04.000Z",
      "manageableState": "installed",
      "namespacePrefix": "et4ae5",
      "type": "CustomObject"
    },
    {
      "createdById": "0055g00000BDNwlAAH",
      "createdByName": "Megha Mane",
      "createdDate": "1970-01-01T00:00:00.000Z",
      "fileName": "objects/SessionHijackingEventStore.object",
      "fullName": "SessionHijackingEventStore",
      "id": "",
      "lastModifiedById": "0055g00000BDNwlAAH",
      "lastModifiedByName": "Megha Mane",
      "lastModifiedDate": "1970-01-01T00:00:00.000Z",
      "namespacePrefix": "",
      "type": "CustomObject"
    },
    {
      "createdById": "0055g00000BDNwlAAH",
      "createdByName": "Megha Mane",
      "createdDate": "1970-01-01T00:00:00.000Z",
      "fileName": "objects/MLModel.object",
      "fullName": "MLModel",
      "id": "",
      "lastModifiedById": "0055g00000BDNwlAAH",
      "lastModifiedByName": "Megha Mane",
      "lastModifiedDate": "1970-01-01T00:00:00.000Z",
      "namespacePrefix": "",
      "type": "CustomObject"
    },
    {
      "createdById": "0055g00000BDNwlAAH",
      "createdByName": "Megha Mane",
      "createdDate": "1970-01-01T00:00:00.000Z",
      "fileName": "objects/ReportAnomalyEventStore.object",
      "fullName": "ReportAnomalyEventStore",
      "id": "",
      "lastModifiedById": "0055g00000BDNwlAAH",
      "lastModifiedByName": "Megha Mane",
      "lastModifiedDate": "1970-01-01T00:00:00.000Z",
      "namespacePrefix": "",
      "type": "CustomObject"
    },
    {
      "createdById": "0055g00000BDNwlAAH",
      "createdByName": "Megha Mane",
      "createdDate": "1970-01-01T00:00:00.000Z",
      "fileName": "objects/PaymentAuthorization.object",
      "fullName": "PaymentAuthorization",
      "id": "",
      "lastModifiedById": "0055g00000BDNwlAAH",
      "lastModifiedByName": "Megha Mane",
      "lastModifiedDate": "1970-01-01T00:00:00.000Z",
      "namespacePrefix": "",
      "type": "CustomObject"
    },
    {
      "createdById": "0055g00000BDNwlAAH",
      "createdByName": "Megha Mane",
      "createdDate": "1970-01-01T00:00:00.000Z",
      "fileName": "objects/AuthorizationFormConsent.object",
      "fullName": "AuthorizationFormConsent",
      "id": "",
      "lastModifiedById": "0055g00000BDNwlAAH",
      "lastModifiedByName": "Megha Mane",
      "lastModifiedDate": "1970-01-01T00:00:00.000Z",
      "namespacePrefix": "",
      "type": "CustomObject"
    },
    {
      "createdById": "0055g00000BDNwlAAH",
      "createdByName": "Megha Mane",
      "createdDate": "1970-01-01T00:00:00.000Z",
      "fileName": "objects/Contact.object",
      "fullName": "Contact",
      "id": "",
      "lastModifiedById": "0055g00000BDNwlAAH",
      "lastModifiedByName": "Megha Mane",
      "lastModifiedDate": "1970-01-01T00:00:00.000Z",
      "namespacePrefix": "",
      "type": "CustomObject"
    },
    {
      "createdById": "0055g00000BDNwlAAH",
      "createdByName": "Megha Mane",
      "createdDate": "1970-01-01T00:00:00.000Z",
      "fileName": "objects/ServiceTerritoryMember.object",
      "fullName": "ServiceTerritoryMember",
      "id": "",
      "lastModifiedById": "0055g00000BDNwlAAH",
      "lastModifiedByName": "Megha Mane",
      "lastModifiedDate": "1970-01-01T00:00:00.000Z",
      "namespacePrefix": "",
      "type": "CustomObject"
    },
    {
      "createdById": "0055g00000BDNwlAAH",
      "createdByName": "Megha Mane",
      "createdDate": "1970-01-01T00:00:00.000Z",
      "fileName": "objects/ResourceAbsence.object",
      "fullName": "ResourceAbsence",
      "id": "",
      "lastModifiedById": "0055g00000BDNwlAAH",
      "lastModifiedByName": "Megha Mane",
      "lastModifiedDate": "1970-01-01T00:00:00.000Z",
      "namespacePrefix": "",
      "type": "CustomObject"
    },
    {
      "createdById": "0055g00000BDNwlAAH",
      "createdByName": "Megha Mane",
      "createdDate": "1970-01-01T00:00:00.000Z",
      "fileName": "objects/TimeSlot.object",
      "fullName": "TimeSlot",
      "id": "",
      "lastModifiedById": "0055g00000BDNwlAAH",
      "lastModifiedByName": "Megha Mane",
      "lastModifiedDate": "1970-01-01T00:00:00.000Z",
      "namespacePrefix": "",
      "type": "CustomObject"
    },
    {
      "createdById": "0055g00000BDNwlAAH",
      "createdByName": "Megha Mane",
      "createdDate": "1970-01-01T00:00:00.000Z",
      "fileName": "objects/OpportunityCompetitor.object",
      "fullName": "OpportunityCompetitor",
      "id": "",
      "lastModifiedById": "0055g00000BDNwlAAH",
      "lastModifiedByName": "Megha Mane",
      "lastModifiedDate": "1970-01-01T00:00:00.000Z",
      "namespacePrefix": "",
      "type": "CustomObject"
    },
    {
      "createdById": "0055g00000BDNwlAAH",
      "createdByName": "Megha Mane",
      "createdDate": "1970-01-01T00:00:00.000Z",
      "fileName": "objects/ChatterActivity.object",
      "fullName": "ChatterActivity",
      "id": "",
      "lastModifiedById": "0055g00000BDNwlAAH",
      "lastModifiedByName": "Megha Mane",
      "lastModifiedDate": "1970-01-01T00:00:00.000Z",
      "namespacePrefix": "",
      "type": "CustomObject"
    },
    {
      "createdById": "0055g00000BDNwlAAH",
      "createdByName": "Megha Mane",
      "createdDate": "1970-01-01T00:00:00.000Z",
      "fileName": "objects/ResourcePreference.object",
      "fullName": "ResourcePreference",
      "id": "",
      "lastModifiedById": "0055g00000BDNwlAAH",
      "lastModifiedByName": "Megha Mane",
      "lastModifiedDate": "1970-01-01T00:00:00.000Z",
      "namespacePrefix": "",
      "type": "CustomObject"
    },
    {
      "createdById": "0055g00000BDNwlAAH",
      "createdByName": "Megha Mane",
      "createdDate": "1970-01-01T00:00:00.000Z",
      "fileName": "objects/PartnerMarketingBudget.object",
      "fullName": "PartnerMarketingBudget",
      "id": "",
      "lastModifiedById": "0055g00000BDNwlAAH",
      "lastModifiedByName": "Megha Mane",
      "lastModifiedDate": "1970-01-01T00:00:00.000Z",
      "namespacePrefix": "",
      "type": "CustomObject"
    },
    {
      "createdById": "0055g00000BDNwlAAH",
      "createdByName": "Megha Mane",
      "createdDate": "2021-07-26T18:06:01.000Z",
      "fileName": "objects/et4ae5__JB_Event__e.object",
      "fullName": "et4ae5__JB_Event__e",
      "id": "01I5g000000SZY4EAO",
      "lastModifiedById": "0055g00000BDNwlAAH",
      "lastModifiedByName": "Megha Mane",
      "lastModifiedDate": "2021-07-26T18:06:01.000Z",
      "manageableState": "installed",
      "namespacePrefix": "et4ae5",
      "type": "CustomObject"
    },
    {
      "createdById": "0055g00000BDNwlAAH",
      "createdByName": "Megha Mane",
      "createdDate": "1970-01-01T00:00:00.000Z",
      "fileName": "objects/Scorecard.object",
      "fullName": "Scorecard",
      "id": "",
      "lastModifiedById": "0055g00000BDNwlAAH",
      "lastModifiedByName": "Megha Mane",
      "lastModifiedDate": "1970-01-01T00:00:00.000Z",
      "namespacePrefix": "",
      "type": "CustomObject"
    },
    {
      "createdById": "0055g00000BDNwlAAH",
      "createdByName": "Megha Mane",
      "createdDate": "2021-07-26T18:06:03.000Z",
      "fileName": "objects/et4ae5__SMSJunction__c.object",
      "fullName": "et4ae5__SMSJunction__c",
      "id": "01I5g000000SZY9EAO",
      "lastModifiedById": "0055g00000BDNwlAAH",
      "lastModifiedByName": "Megha Mane",
      "lastModifiedDate": "2021-07-26T18:08:06.000Z",
      "manageableState": "installed",
      "namespacePrefix": "et4ae5",
      "type": "CustomObject"
    },
    {
      "createdById": "0055g00000BDNwlAAH",
      "createdByName": "Megha Mane",
      "createdDate": "1970-01-01T00:00:00.000Z",
      "fileName": "objects/LiveChatTranscript.object",
      "fullName": "LiveChatTranscript",
      "id": "",
      "lastModifiedById": "0055g00000BDNwlAAH",
      "lastModifiedByName": "Megha Mane",
      "lastModifiedDate": "1970-01-01T00:00:00.000Z",
      "namespacePrefix": "",
      "type": "CustomObject"
    },
    {
      "createdById": "0055g00000BDNwlAAH",
      "createdByName": "Megha Mane",
      "createdDate": "2021-07-26T18:06:03.000Z",
      "fileName": "objects/et4ae5__Triggered_Send_Execution__c.object",
      "fullName": "et4ae5__Triggered_Send_Execution__c",
      "id": "01I5g000000SZYDEA4",
      "lastModifiedById": "0055g00000BDNwlAAH",
      "lastModifiedByName": "Megha Mane",
      "lastModifiedDate": "2021-07-26T18:08:06.000Z",
      "manageableState": "installed",
      "namespacePrefix": "et4ae5",
      "type": "CustomObject"
    },
    {
      "createdById": "0055g00000BDNwlAAH",
      "createdByName": "Megha Mane",
      "createdDate": "1970-01-01T00:00:00.000Z",
      "fileName": "objects/WorkType.object",
      "fullName": "WorkType",
      "id": "",
      "lastModifiedById": "0055g00000BDNwlAAH",
      "lastModifiedByName": "Megha Mane",
      "lastModifiedDate": "1970-01-01T00:00:00.000Z",
      "namespacePrefix": "",
      "type": "CustomObject"
    },
    {
      "createdById": "0055g00000BDNwlAAH",
      "createdByName": "Megha Mane",
      "createdDate": "2021-07-26T18:06:02.000Z",
      "fileName": "objects/et4ae5__JB_Flow_Event__e.object",
      "fullName": "et4ae5__JB_Flow_Event__e",
      "id": "01I5g000000SZY5EAO",
      "lastModifiedById": "0055g00000BDNwlAAH",
      "lastModifiedByName": "Megha Mane",
      "lastModifiedDate": "2021-07-26T18:06:02.000Z",
      "manageableState": "installed",
      "namespacePrefix": "et4ae5",
      "type": "CustomObject"
    },
    {
      "createdById": "0055g00000BDNwlAAH",
      "createdByName": "Megha Mane",
      "createdDate": "1970-01-01T00:00:00.000Z",
      "fileName": "objects/WorkOrderLineItem.object",
      "fullName": "WorkOrderLineItem",
      "id": "",
      "lastModifiedById": "0055g00000BDNwlAAH",
      "lastModifiedByName": "Megha Mane",
      "lastModifiedDate": "1970-01-01T00:00:00.000Z",
      "namespacePrefix": "",
      "type": "CustomObject"
    },
    {
      "createdById": "0055g00000BDNwlAAH",
      "createdByName": "Megha Mane",
      "createdDate": "1970-01-01T00:00:00.000Z",
      "fileName": "objects/ExpressionFilterCriteria.object",
      "fullName": "ExpressionFilterCriteria",
      "id": "",
      "lastModifiedById": "0055g00000BDNwlAAH",
      "lastModifiedByName": "Megha Mane",
      "lastModifiedDate": "1970-01-01T00:00:00.000Z",
      "namespacePrefix": "",
      "type": "CustomObject"
    },
    {
      "createdById": "0055g00000BDNwlAAH",
      "createdByName": "Megha Mane",
      "createdDate": "1970-01-01T00:00:00.000Z",
      "fileName": "objects/MLModelFactor.object",
      "fullName": "MLModelFactor",
      "id": "",
      "lastModifiedById": "0055g00000BDNwlAAH",
      "lastModifiedByName": "Megha Mane",
      "lastModifiedDate": "1970-01-01T00:00:00.000Z",
      "namespacePrefix": "",
      "type": "CustomObject"
    },
    {
      "createdById": "0055g00000BDNwlAAH",
      "createdByName": "Megha Mane",
      "createdDate": "1970-01-01T00:00:00.000Z",
      "fileName": "objects/CardPaymentMethod.object",
      "fullName": "CardPaymentMethod",
      "id": "",
      "lastModifiedById": "0055g00000BDNwlAAH",
      "lastModifiedByName": "Megha Mane",
      "lastModifiedDate": "1970-01-01T00:00:00.000Z",
      "namespacePrefix": "",
      "type": "CustomObject"
    },
    {
      "createdById": "0055g00000BDNwlAAH",
      "createdByName": "Megha Mane",
      "createdDate": "1970-01-01T00:00:00.000Z",
      "fileName": "objects/Lead.object",
      "fullName": "Lead",
      "id": "",
      "lastModifiedById": "0055g00000BDNwlAAH",
      "lastModifiedByName": "Megha Mane",
      "lastModifiedDate": "1970-01-01T00:00:00.000Z",
      "namespacePrefix": "",
      "type": "CustomObject"
    },
    {
      "createdById": "0055g00000BDNwlAAH",
      "createdByName": "Megha Mane",
      "createdDate": "1970-01-01T00:00:00.000Z",
      "fileName": "objects/ContractContactRole.object",
      "fullName": "ContractContactRole",
      "id": "",
      "lastModifiedById": "0055g00000BDNwlAAH",
      "lastModifiedByName": "Megha Mane",
      "lastModifiedDate": "1970-01-01T00:00:00.000Z",
      "namespacePrefix": "",
      "type": "CustomObject"
    },
    {
      "createdById": "0055g00000BDNwlAAH",
      "createdByName": "Megha Mane",
      "createdDate": "1970-01-01T00:00:00.000Z",
      "fileName": "objects/DandBCompany.object",
      "fullName": "DandBCompany",
      "id": "",
      "lastModifiedById": "0055g00000BDNwlAAH",
      "lastModifiedByName": "Megha Mane",
      "lastModifiedDate": "1970-01-01T00:00:00.000Z",
      "namespacePrefix": "",
      "type": "CustomObject"
    },
    {
      "createdById": "0055g00000BDNwlAAH",
      "createdByName": "Megha Mane",
      "createdDate": "1970-01-01T00:00:00.000Z",
      "fileName": "objects/ConsumptionSchedule.object",
      "fullName": "ConsumptionSchedule",
      "id": "",
      "lastModifiedById": "0055g00000BDNwlAAH",
      "lastModifiedByName": "Megha Mane",
      "lastModifiedDate": "1970-01-01T00:00:00.000Z",
      "namespacePrefix": "",
      "type": "CustomObject"
    },
    {
      "createdById": "0055g00000BDNwlAAH",
      "createdByName": "Megha Mane",
      "createdDate": "1970-01-01T00:00:00.000Z",
      "fileName": "objects/CredentialStuffingEventStore.object",
      "fullName": "CredentialStuffingEventStore",
      "id": "",
      "lastModifiedById": "0055g00000BDNwlAAH",
      "lastModifiedByName": "Megha Mane",
      "lastModifiedDate": "1970-01-01T00:00:00.000Z",
      "namespacePrefix": "",
      "type": "CustomObject"
    },
    {
      "createdById": "0055g00000BDNwlAAH",
      "createdByName": "Megha Mane",
      "createdDate": "1970-01-01T00:00:00.000Z",
      "fileName": "objects/DuplicateRecordItem.object",
      "fullName": "DuplicateRecordItem",
      "id": "",
      "lastModifiedById": "0055g00000BDNwlAAH",
      "lastModifiedByName": "Megha Mane",
      "lastModifiedDate": "1970-01-01T00:00:00.000Z",
      "namespacePrefix": "",
      "type": "CustomObject"
    },
    {
      "createdById": "0055g00000BDNwlAAH",
      "createdByName": "Megha Mane",
      "createdDate": "1970-01-01T00:00:00.000Z",
      "fileName": "objects/AccountBrand.object",
      "fullName": "AccountBrand",
      "id": "",
      "lastModifiedById": "0055g00000BDNwlAAH",
      "lastModifiedByName": "Megha Mane",
      "lastModifiedDate": "1970-01-01T00:00:00.000Z",
      "namespacePrefix": "",
      "type": "CustomObject"
    },
    {
      "createdById": "0055g00000BDNwlAAH",
      "createdByName": "Megha Mane",
      "createdDate": "1970-01-01T00:00:00.000Z",
      "fileName": "objects/OrgMetricScanResult.object",
      "fullName": "OrgMetricScanResult",
      "id": "",
      "lastModifiedById": "0055g00000BDNwlAAH",
      "lastModifiedByName": "Megha Mane",
      "lastModifiedDate": "1970-01-01T00:00:00.000Z",
      "namespacePrefix": "",
      "type": "CustomObject"
    },
    {
      "createdById": "0055g00000BDNwlAAH",
      "createdByName": "Megha Mane",
      "createdDate": "1970-01-01T00:00:00.000Z",
      "fileName": "objects/TopicAssignment.object",
      "fullName": "TopicAssignment",
      "id": "",
      "lastModifiedById": "0055g00000BDNwlAAH",
      "lastModifiedByName": "Megha Mane",
      "lastModifiedDate": "1970-01-01T00:00:00.000Z",
      "namespacePrefix": "",
      "type": "CustomObject"
    },
    {
      "createdById": "0055g00000BDNwlAAH",
      "createdByName": "Megha Mane",
      "createdDate": "1970-01-01T00:00:00.000Z",
      "fileName": "objects/PendingServiceRouting.object",
      "fullName": "PendingServiceRouting",
      "id": "",
      "lastModifiedById": "0055g00000BDNwlAAH",
      "lastModifiedByName": "Megha Mane",
      "lastModifiedDate": "1970-01-01T00:00:00.000Z",
      "namespacePrefix": "",
      "type": "CustomObject"
    },
    {
      "createdById": "0055g00000BDNwlAAH",
      "createdByName": "Megha Mane",
      "createdDate": "1970-01-01T00:00:00.000Z",
      "fileName": "objects/PaymentGroup.object",
      "fullName": "PaymentGroup",
      "id": "",
      "lastModifiedById": "0055g00000BDNwlAAH",
      "lastModifiedByName": "Megha Mane",
      "lastModifiedDate": "1970-01-01T00:00:00.000Z",
      "namespacePrefix": "",
      "type": "CustomObject"
    },
    {
      "createdById": "0055g00000BDNwlAAH",
      "createdByName": "Megha Mane",
      "createdDate": "2021-07-26T18:05:59.000Z",
      "fileName": "objects/et4ae5__IndividualLink__c.object",
      "fullName": "et4ae5__IndividualLink__c",
      "id": "01I5g000000SZY2EAO",
      "lastModifiedById": "0055g00000BDNwlAAH",
      "lastModifiedByName": "Megha Mane",
      "lastModifiedDate": "2021-07-26T18:08:05.000Z",
      "manageableState": "installed",
      "namespacePrefix": "et4ae5",
      "type": "CustomObject"
    },
    {
      "createdById": "0055g00000BDNwlAAH",
      "createdByName": "Megha Mane",
      "createdDate": "1970-01-01T00:00:00.000Z",
      "fileName": "objects/CampaignMember.object",
      "fullName": "CampaignMember",
      "id": "",
      "lastModifiedById": "0055g00000BDNwlAAH",
      "lastModifiedByName": "Megha Mane",
      "lastModifiedDate": "1970-01-01T00:00:00.000Z",
      "namespacePrefix": "",
      "type": "CustomObject"
    },
    {
      "createdById": "0055g00000BDNwlAAH",
      "createdByName": "Megha Mane",
      "createdDate": "1970-01-01T00:00:00.000Z",
      "fileName": "objects/CommSubscriptionTiming.object",
      "fullName": "CommSubscriptionTiming",
      "id": "",
      "lastModifiedById": "0055g00000BDNwlAAH",
      "lastModifiedByName": "Megha Mane",
      "lastModifiedDate": "1970-01-01T00:00:00.000Z",
      "namespacePrefix": "",
      "type": "CustomObject"
    },
    {
      "createdById": "0055g00000BDuuxAAD",
      "createdByName": "Ashish Salunkhe",
      "createdDate": "2021-07-25T10:26:19.000Z",
      "fileName": "objects/Station__c.object",
      "fullName": "Station__c",
      "id": "01I5g000000SXwoEAG",
      "lastModifiedById": "0055g00000BDNwlAAH",
      "lastModifiedByName": "Megha Mane",
      "lastModifiedDate": "2021-07-28T17:50:27.000Z",
      "manageableState": "unmanaged",
      "type": "CustomObject"
    },
    {
      "createdById": "0055g00000BDNwlAAH",
      "createdByName": "Megha Mane",
      "createdDate": "2021-07-27T05:20:40.000Z",
      "fileName": "objects/NearbyHospital__c.object",
      "fullName": "NearbyHospital__c",
      "id": "01I5g000000SavlEAC",
      "lastModifiedById": "0055g00000BDNwlAAH",
      "lastModifiedByName": "Megha Mane",
      "lastModifiedDate": "2021-07-27T05:20:40.000Z",
      "manageableState": "unmanaged",
      "type": "CustomObject"
    },
    {
      "createdById": "0055g00000BDNwlAAH",
      "createdByName": "Megha Mane",
      "createdDate": "2021-07-30T07:11:05.000Z",
      "fileName": "objects/MetroMarketing__c.object",
      "fullName": "MetroMarketing__c",
      "id": "01I5g000000SfYHEA0",
      "lastModifiedById": "0055g00000BDNwlAAH",
      "lastModifiedByName": "Megha Mane",
      "lastModifiedDate": "2021-07-30T07:11:38.000Z",
      "manageableState": "unmanaged",
      "type": "CustomObject"
    },
    {
      "createdById": "0055g00000BDNwlAAH",
      "createdByName": "Megha Mane",
      "createdDate": "1970-01-01T00:00:00.000Z",
      "fileName": "objects/AssistantProgress.object",
      "fullName": "AssistantProgress",
      "id": "",
      "lastModifiedById": "0055g00000BDNwlAAH",
      "lastModifiedByName": "Megha Mane",
      "lastModifiedDate": "1970-01-01T00:00:00.000Z",
      "namespacePrefix": "",
      "type": "CustomObject"
    },
    {
      "createdById": "0055g00000BDNwlAAH",
      "createdByName": "Megha Mane",
      "createdDate": "1970-01-01T00:00:00.000Z",
      "fileName": "objects/PartnerFundAllocation.object",
      "fullName": "PartnerFundAllocation",
      "id": "",
      "lastModifiedById": "0055g00000BDNwlAAH",
      "lastModifiedByName": "Megha Mane",
      "lastModifiedDate": "1970-01-01T00:00:00.000Z",
      "namespacePrefix": "",
      "type": "CustomObject"
    },
    {
      "createdById": "0055g00000BDNwlAAH",
      "createdByName": "Megha Mane",
      "createdDate": "1970-01-01T00:00:00.000Z",
      "fileName": "objects/Location.object",
      "fullName": "Location",
      "id": "",
      "lastModifiedById": "0055g00000BDNwlAAH",
      "lastModifiedByName": "Megha Mane",
      "lastModifiedDate": "1970-01-01T00:00:00.000Z",
      "namespacePrefix": "",
      "type": "CustomObject"
    },
    {
      "createdById": "0055g00000BDNwlAAH",
      "createdByName": "Megha Mane",
      "createdDate": "1970-01-01T00:00:00.000Z",
      "fileName": "objects/StreamingChannel.object",
      "fullName": "StreamingChannel",
      "id": "",
      "lastModifiedById": "0055g00000BDNwlAAH",
      "lastModifiedByName": "Megha Mane",
      "lastModifiedDate": "1970-01-01T00:00:00.000Z",
      "namespacePrefix": "",
      "type": "CustomObject"
    },
    {
      "createdById": "0055g00000BDNwlAAH",
      "createdByName": "Megha Mane",
      "createdDate": "1970-01-01T00:00:00.000Z",
      "fileName": "objects/ApiAnomalyEventStore.object",
      "fullName": "ApiAnomalyEventStore",
      "id": "",
      "lastModifiedById": "0055g00000BDNwlAAH",
      "lastModifiedByName": "Megha Mane",
      "lastModifiedDate": "1970-01-01T00:00:00.000Z",
      "namespacePrefix": "",
      "type": "CustomObject"
    },
    {
      "createdById": "0055g00000BDNwlAAH",
      "createdByName": "Megha Mane",
      "createdDate": "1970-01-01T00:00:00.000Z",
      "fileName": "objects/MacroAction.object",
      "fullName": "MacroAction",
      "id": "",
      "lastModifiedById": "0055g00000BDNwlAAH",
      "lastModifiedByName": "Megha Mane",
      "lastModifiedDate": "1970-01-01T00:00:00.000Z",
      "namespacePrefix": "",
      "type": "CustomObject"
    },
    {
      "createdById": "0055g00000BDuuxAAD",
      "createdByName": "Ashish Salunkhe",
      "createdDate": "2021-07-25T11:11:37.000Z",
      "fileName": "objects/MetroSlot__c.object",
      "fullName": "MetroSlot__c",
      "id": "01I5g000000SXxcEAG",
      "lastModifiedById": "0055g00000BDuuxAAD",
      "lastModifiedByName": "Ashish Salunkhe",
      "lastModifiedDate": "2021-07-25T11:11:37.000Z",
      "manageableState": "unmanaged",
      "type": "CustomObject"
    },
    {
      "createdById": "0055g00000BDNwlAAH",
      "createdByName": "Megha Mane",
      "createdDate": "1970-01-01T00:00:00.000Z",
      "fileName": "objects/FinanceBalanceSnapshot.object",
      "fullName": "FinanceBalanceSnapshot",
      "id": "",
      "lastModifiedById": "0055g00000BDNwlAAH",
      "lastModifiedByName": "Megha Mane",
      "lastModifiedDate": "1970-01-01T00:00:00.000Z",
      "namespacePrefix": "",
      "type": "CustomObject"
    },
    {
      "createdById": "0055g00000BDNwlAAH",
      "createdByName": "Megha Mane",
      "createdDate": "1970-01-01T00:00:00.000Z",
      "fileName": "objects/MacroUsage.object",
      "fullName": "MacroUsage",
      "id": "",
      "lastModifiedById": "0055g00000BDNwlAAH",
      "lastModifiedByName": "Megha Mane",
      "lastModifiedDate": "1970-01-01T00:00:00.000Z",
      "namespacePrefix": "",
      "type": "CustomObject"
    },
    {
      "createdById": "0055g00000BDNwlAAH",
      "createdByName": "Megha Mane",
      "createdDate": "1970-01-01T00:00:00.000Z",
      "fileName": "objects/ServiceResource.object",
      "fullName": "ServiceResource",
      "id": "",
      "lastModifiedById": "0055g00000BDNwlAAH",
      "lastModifiedByName": "Megha Mane",
      "lastModifiedDate": "1970-01-01T00:00:00.000Z",
      "namespacePrefix": "",
      "type": "CustomObject"
    },
    {
      "createdById": "0055g00000BDNwlAAH",
      "createdByName": "Megha Mane",
      "createdDate": "1970-01-01T00:00:00.000Z",
      "fileName": "objects/ContactPointAddress.object",
      "fullName": "ContactPointAddress",
      "id": "",
      "lastModifiedById": "0055g00000BDNwlAAH",
      "lastModifiedByName": "Megha Mane",
      "lastModifiedDate": "1970-01-01T00:00:00.000Z",
      "namespacePrefix": "",
      "type": "CustomObject"
    },
    {
      "createdById": "0055g00000BDNwlAAH",
      "createdByName": "Megha Mane",
      "createdDate": "1970-01-01T00:00:00.000Z",
      "fileName": "objects/EngagementChannelType.object",
      "fullName": "EngagementChannelType",
      "id": "",
      "lastModifiedById": "0055g00000BDNwlAAH",
      "lastModifiedByName": "Megha Mane",
      "lastModifiedDate": "1970-01-01T00:00:00.000Z",
      "namespacePrefix": "",
      "type": "CustomObject"
    },
    {
      "createdById": "0055g00000BDNwlAAH",
      "createdByName": "Megha Mane",
      "createdDate": "1970-01-01T00:00:00.000Z",
      "fileName": "objects/ContractLineItem.object",
      "fullName": "ContractLineItem",
      "id": "",
      "lastModifiedById": "0055g00000BDNwlAAH",
      "lastModifiedByName": "Megha Mane",
      "lastModifiedDate": "1970-01-01T00:00:00.000Z",
      "namespacePrefix": "",
      "type": "CustomObject"
    },
    {
      "createdById": "0055g00000BDNwlAAH",
      "createdByName": "Megha Mane",
      "createdDate": "1970-01-01T00:00:00.000Z",
      "fileName": "objects/CommSubscriptionChannelType.object",
      "fullName": "CommSubscriptionChannelType",
      "id": "",
      "lastModifiedById": "0055g00000BDNwlAAH",
      "lastModifiedByName": "Megha Mane",
      "lastModifiedDate": "1970-01-01T00:00:00.000Z",
      "namespacePrefix": "",
      "type": "CustomObject"
    },
    {
      "createdById": "0055g00000BDNwlAAH",
      "createdByName": "Megha Mane",
      "createdDate": "1970-01-01T00:00:00.000Z",
      "fileName": "objects/Invoice.object",
      "fullName": "Invoice",
      "id": "",
      "lastModifiedById": "0055g00000BDNwlAAH",
      "lastModifiedByName": "Megha Mane",
      "lastModifiedDate": "1970-01-01T00:00:00.000Z",
      "namespacePrefix": "",
      "type": "CustomObject"
    },
    {
      "createdById": "0055g00000BDNwlAAH",
      "createdByName": "Megha Mane",
      "createdDate": "1970-01-01T00:00:00.000Z",
      "fileName": "objects/OpportunityLineItem.object",
      "fullName": "OpportunityLineItem",
      "id": "",
      "lastModifiedById": "0055g00000BDNwlAAH",
      "lastModifiedByName": "Megha Mane",
      "lastModifiedDate": "1970-01-01T00:00:00.000Z",
      "namespacePrefix": "",
      "type": "CustomObject"
    },
    {
      "createdById": "0055g00000BDNwlAAH",
      "createdByName": "Megha Mane",
      "createdDate": "1970-01-01T00:00:00.000Z",
      "fileName": "objects/AuthorizationForm.object",
      "fullName": "AuthorizationForm",
      "id": "",
      "lastModifiedById": "0055g00000BDNwlAAH",
      "lastModifiedByName": "Megha Mane",
      "lastModifiedDate": "1970-01-01T00:00:00.000Z",
      "namespacePrefix": "",
      "type": "CustomObject"
    },
    {
      "createdById": "0055g00000BDNwlAAH",
      "createdByName": "Megha Mane",
      "createdDate": "1970-01-01T00:00:00.000Z",
      "fileName": "objects/PartyConsent.object",
      "fullName": "PartyConsent",
      "id": "",
      "lastModifiedById": "0055g00000BDNwlAAH",
      "lastModifiedByName": "Megha Mane",
      "lastModifiedDate": "1970-01-01T00:00:00.000Z",
      "namespacePrefix": "",
      "type": "CustomObject"
    },
    {
      "createdById": "0055g00000BDNwlAAH",
      "createdByName": "Megha Mane",
      "createdDate": "1970-01-01T00:00:00.000Z",
      "fileName": "objects/AssetStatePeriod.object",
      "fullName": "AssetStatePeriod",
      "id": "",
      "lastModifiedById": "0055g00000BDNwlAAH",
      "lastModifiedByName": "Megha Mane",
      "lastModifiedDate": "1970-01-01T00:00:00.000Z",
      "namespacePrefix": "",
      "type": "CustomObject"
    },
    {
      "createdById": "0055g00000BDNwlAAH",
      "createdByName": "Megha Mane",
      "createdDate": "1970-01-01T00:00:00.000Z",
      "fileName": "objects/PaymentMethod.object",
      "fullName": "PaymentMethod",
      "id": "",
      "lastModifiedById": "0055g00000BDNwlAAH",
      "lastModifiedByName": "Megha Mane",
      "lastModifiedDate": "1970-01-01T00:00:00.000Z",
      "namespacePrefix": "",
      "type": "CustomObject"
    },
    {
      "createdById": "0055g00000BDNwlAAH",
      "createdByName": "Megha Mane",
      "createdDate": "1970-01-01T00:00:00.000Z",
      "fileName": "objects/LearningAssignment.object",
      "fullName": "LearningAssignment",
      "id": "",
      "lastModifiedById": "0055g00000BDNwlAAH",
      "lastModifiedByName": "Megha Mane",
      "lastModifiedDate": "1970-01-01T00:00:00.000Z",
      "namespacePrefix": "",
      "type": "CustomObject"
    },
    {
      "createdById": "0055g00000BDNwlAAH",
      "createdByName": "Megha Mane",
      "createdDate": "1970-01-01T00:00:00.000Z",
      "fileName": "objects/Topic.object",
      "fullName": "Topic",
      "id": "",
      "lastModifiedById": "0055g00000BDNwlAAH",
      "lastModifiedByName": "Megha Mane",
      "lastModifiedDate": "1970-01-01T00:00:00.000Z",
      "namespacePrefix": "",
      "type": "CustomObject"
    },
    {
      "createdById": "0055g00000BDNwlAAH",
      "createdByName": "Megha Mane",
      "createdDate": "1970-01-01T00:00:00.000Z",
      "fileName": "objects/DataUsePurpose.object",
      "fullName": "DataUsePurpose",
      "id": "",
      "lastModifiedById": "0055g00000BDNwlAAH",
      "lastModifiedByName": "Megha Mane",
      "lastModifiedDate": "1970-01-01T00:00:00.000Z",
      "namespacePrefix": "",
      "type": "CustomObject"
    },
    {
      "createdById": "0055g00000BDuuxAAD",
      "createdByName": "Ashish Salunkhe",
      "createdDate": "2021-07-25T11:16:10.000Z",
      "fileName": "objects/Ticket__c.object",
      "fullName": "Ticket__c",
      "id": "01I5g000000SXxmEAG",
      "lastModifiedById": "0055g00000BDNwlAAH",
      "lastModifiedByName": "Megha Mane",
      "lastModifiedDate": "2021-07-29T16:28:06.000Z",
      "manageableState": "unmanaged",
      "type": "CustomObject"
    },
    {
      "createdById": "0055g00000BDNwlAAH",
      "createdByName": "Megha Mane",
      "createdDate": "2021-07-26T18:05:59.000Z",
      "fileName": "objects/et4ae5__Business_Unit__c.object",
      "fullName": "et4ae5__Business_Unit__c",
      "id": "01I5g000000SZXrEAO",
      "lastModifiedById": "0055g00000BDNwlAAH",
      "lastModifiedByName": "Megha Mane",
      "lastModifiedDate": "2021-07-26T18:08:04.000Z",
      "manageableState": "installed",
      "namespacePrefix": "et4ae5",
      "type": "CustomObject"
    },
    {
      "createdById": "0055g00000BDNwlAAH",
      "createdByName": "Megha Mane",
      "createdDate": "1970-01-01T00:00:00.000Z",
      "fileName": "objects/MessagingEndUser.object",
      "fullName": "MessagingEndUser",
      "id": "",
      "lastModifiedById": "0055g00000BDNwlAAH",
      "lastModifiedByName": "Megha Mane",
      "lastModifiedDate": "1970-01-01T00:00:00.000Z",
      "namespacePrefix": "",
      "type": "CustomObject"
    },
    {
      "createdById": "0055g00000BDNwlAAH",
      "createdByName": "Megha Mane",
      "createdDate": "1970-01-01T00:00:00.000Z",
      "fileName": "objects/ManagedContentVersion.object",
      "fullName": "ManagedContentVersion",
      "id": "",
      "lastModifiedById": "0055g00000BDNwlAAH",
      "lastModifiedByName": "Megha Mane",
      "lastModifiedDate": "1970-01-01T00:00:00.000Z",
      "namespacePrefix": "",
      "type": "CustomObject"
    },
    {
      "createdById": "0055g00000BDNwlAAH",
      "createdByName": "Megha Mane",
      "createdDate": "1970-01-01T00:00:00.000Z",
      "fileName": "objects/CommSubscription.object",
      "fullName": "CommSubscription",
      "id": "",
      "lastModifiedById": "0055g00000BDNwlAAH",
      "lastModifiedByName": "Megha Mane",
      "lastModifiedDate": "1970-01-01T00:00:00.000Z",
      "namespacePrefix": "",
      "type": "CustomObject"
    },
    {
      "createdById": "0055g00000BDNwlAAH",
      "createdByName": "Megha Mane",
      "createdDate": "2021-07-26T18:05:59.000Z",
      "fileName": "objects/et4ae5__AggregateLink__c.object",
      "fullName": "et4ae5__AggregateLink__c",
      "id": "01I5g000000SZXpEAO",
      "lastModifiedById": "0055g00000BDNwlAAH",
      "lastModifiedByName": "Megha Mane",
      "lastModifiedDate": "2021-07-26T18:08:03.000Z",
      "manageableState": "installed",
      "namespacePrefix": "et4ae5",
      "type": "CustomObject"
    },
    {
      "createdById": "0055g00000BDNwlAAH",
      "createdByName": "Megha Mane",
      "createdDate": "1970-01-01T00:00:00.000Z",
      "fileName": "objects/ContactPointTypeConsent.object",
      "fullName": "ContactPointTypeConsent",
      "id": "",
      "lastModifiedById": "0055g00000BDNwlAAH",
      "lastModifiedByName": "Megha Mane",
      "lastModifiedDate": "1970-01-01T00:00:00.000Z",
      "namespacePrefix": "",
      "type": "CustomObject"
    },
    {
      "createdById": "0055g00000BDNwlAAH",
      "createdByName": "Megha Mane",
      "createdDate": "1970-01-01T00:00:00.000Z",
      "fileName": "objects/Pricebook2.object",
      "fullName": "Pricebook2",
      "id": "",
      "lastModifiedById": "0055g00000BDNwlAAH",
      "lastModifiedByName": "Megha Mane",
      "lastModifiedDate": "1970-01-01T00:00:00.000Z",
      "namespacePrefix": "",
      "type": "CustomObject"
    },
    {
      "createdById": "0055g00000BDNwlAAH",
      "createdByName": "Megha Mane",
      "createdDate": "1970-01-01T00:00:00.000Z",
      "fileName": "objects/ContentVersion.object",
      "fullName": "ContentVersion",
      "id": "",
      "lastModifiedById": "0055g00000BDNwlAAH",
      "lastModifiedByName": "Megha Mane",
      "lastModifiedDate": "1970-01-01T00:00:00.000Z",
      "namespacePrefix": "",
      "type": "CustomObject"
    },
    {
      "createdById": "0055g00000BDNwlAAH",
      "createdByName": "Megha Mane",
      "createdDate": "1970-01-01T00:00:00.000Z",
      "fileName": "objects/SocialPersona.object",
      "fullName": "SocialPersona",
      "id": "",
      "lastModifiedById": "0055g00000BDNwlAAH",
      "lastModifiedByName": "Megha Mane",
      "lastModifiedDate": "1970-01-01T00:00:00.000Z",
      "namespacePrefix": "",
      "type": "CustomObject"
    },
    {
      "createdById": "0055g00000BDNwlAAH",
      "createdByName": "Megha Mane",
      "createdDate": "1970-01-01T00:00:00.000Z",
      "fileName": "objects/Task.object",
      "fullName": "Task",
      "id": "",
      "lastModifiedById": "0055g00000BDNwlAAH",
      "lastModifiedByName": "Megha Mane",
      "lastModifiedDate": "1970-01-01T00:00:00.000Z",
      "namespacePrefix": "",
      "type": "CustomObject"
    },
    {
      "createdById": "0055g00000BDNwlAAH",
      "createdByName": "Megha Mane",
      "createdDate": "1970-01-01T00:00:00.000Z",
      "fileName": "objects/RecordAction.object",
      "fullName": "RecordAction",
      "id": "",
      "lastModifiedById": "0055g00000BDNwlAAH",
      "lastModifiedByName": "Megha Mane",
      "lastModifiedDate": "1970-01-01T00:00:00.000Z",
      "namespacePrefix": "",
      "type": "CustomObject"
    },
    {
      "createdById": "0055g00000BDNwlAAH",
      "createdByName": "Megha Mane",
      "createdDate": "1970-01-01T00:00:00.000Z",
      "fileName": "objects/ReturnOrderItemTax.object",
      "fullName": "ReturnOrderItemTax",
      "id": "",
      "lastModifiedById": "0055g00000BDNwlAAH",
      "lastModifiedByName": "Megha Mane",
      "lastModifiedDate": "1970-01-01T00:00:00.000Z",
      "namespacePrefix": "",
      "type": "CustomObject"
    },
    {
      "createdById": "0055g00000BDNwlAAH",
      "createdByName": "Megha Mane",
      "createdDate": "1970-01-01T00:00:00.000Z",
      "fileName": "objects/Site.object",
      "fullName": "Site",
      "id": "",
      "lastModifiedById": "0055g00000BDNwlAAH",
      "lastModifiedByName": "Megha Mane",
      "lastModifiedDate": "1970-01-01T00:00:00.000Z",
      "namespacePrefix": "",
      "type": "CustomObject"
    },
    {
      "createdById": "0055g00000BDNwlAAH",
      "createdByName": "Megha Mane",
      "createdDate": "1970-01-01T00:00:00.000Z",
      "fileName": "objects/Activity.object",
      "fullName": "Activity",
      "id": "",
      "lastModifiedById": "0055g00000BDNwlAAH",
      "lastModifiedByName": "Megha Mane",
      "lastModifiedDate": "1970-01-01T00:00:00.000Z",
      "namespacePrefix": "",
      "type": "CustomObject"
    },
    {
      "createdById": "0055g00000BDNwlAAH",
      "createdByName": "Megha Mane",
      "createdDate": "1970-01-01T00:00:00.000Z",
      "fileName": "objects/Idea.object",
      "fullName": "Idea",
      "id": "",
      "lastModifiedById": "0055g00000BDNwlAAH",
      "lastModifiedByName": "Megha Mane",
      "lastModifiedDate": "1970-01-01T00:00:00.000Z",
      "namespacePrefix": "",
      "type": "CustomObject"
    },
    {
      "createdById": "0055g00000BDNwlAAH",
      "createdByName": "Megha Mane",
      "createdDate": "1970-01-01T00:00:00.000Z",
      "fileName": "objects/EntityMilestone.object",
      "fullName": "EntityMilestone",
      "id": "",
      "lastModifiedById": "0055g00000BDNwlAAH",
      "lastModifiedByName": "Megha Mane",
      "lastModifiedDate": "1970-01-01T00:00:00.000Z",
      "namespacePrefix": "",
      "type": "CustomObject"
    },
    {
      "createdById": "0055g00000BDNwlAAH",
      "createdByName": "Megha Mane",
      "createdDate": "1970-01-01T00:00:00.000Z",
      "fileName": "objects/DuplicateRecordSet.object",
      "fullName": "DuplicateRecordSet",
      "id": "",
      "lastModifiedById": "0055g00000BDNwlAAH",
      "lastModifiedByName": "Megha Mane",
      "lastModifiedDate": "1970-01-01T00:00:00.000Z",
      "namespacePrefix": "",
      "type": "CustomObject"
    },
    {
      "createdById": "0055g00000BDNwlAAH",
      "createdByName": "Megha Mane",
      "createdDate": "1970-01-01T00:00:00.000Z",
      "fileName": "objects/PaymentLineInvoice.object",
      "fullName": "PaymentLineInvoice",
      "id": "",
      "lastModifiedById": "0055g00000BDNwlAAH",
      "lastModifiedByName": "Megha Mane",
      "lastModifiedDate": "1970-01-01T00:00:00.000Z",
      "namespacePrefix": "",
      "type": "CustomObject"
    },
    {
      "createdById": "0055g00000BDNwlAAH",
      "createdByName": "Megha Mane",
      "createdDate": "1970-01-01T00:00:00.000Z",
      "fileName": "objects/Solution.object",
      "fullName": "Solution",
      "id": "",
      "lastModifiedById": "0055g00000BDNwlAAH",
      "lastModifiedByName": "Megha Mane",
      "lastModifiedDate": "1970-01-01T00:00:00.000Z",
      "namespacePrefix": "",
      "type": "CustomObject"
    },
    {
      "createdById": "0055g00000BDNwlAAH",
      "createdByName": "Megha Mane",
      "createdDate": "1970-01-01T00:00:00.000Z",
      "fileName": "objects/AccountCleanInfo.object",
      "fullName": "AccountCleanInfo",
      "id": "",
      "lastModifiedById": "0055g00000BDNwlAAH",
      "lastModifiedByName": "Megha Mane",
      "lastModifiedDate": "1970-01-01T00:00:00.000Z",
      "namespacePrefix": "",
      "type": "CustomObject"
    },
    {
      "createdById": "0055g00000BDNwlAAH",
      "createdByName": "Megha Mane",
      "createdDate": "1970-01-01T00:00:00.000Z",
      "fileName": "objects/LegalEntity.object",
      "fullName": "LegalEntity",
      "id": "",
      "lastModifiedById": "0055g00000BDNwlAAH",
      "lastModifiedByName": "Megha Mane",
      "lastModifiedDate": "1970-01-01T00:00:00.000Z",
      "namespacePrefix": "",
      "type": "CustomObject"
    },
    {
      "createdById": "0055g00000BDNwlAAH",
      "createdByName": "Megha Mane",
      "createdDate": "1970-01-01T00:00:00.000Z",
      "fileName": "objects/OrgMetricScanSummary.object",
      "fullName": "OrgMetricScanSummary",
      "id": "",
      "lastModifiedById": "0055g00000BDNwlAAH",
      "lastModifiedByName": "Megha Mane",
      "lastModifiedDate": "1970-01-01T00:00:00.000Z",
      "namespacePrefix": "",
      "type": "CustomObject"
    },
    {
      "createdById": "0055g00000BDNwlAAH",
      "createdByName": "Megha Mane",
      "createdDate": "1970-01-01T00:00:00.000Z",
      "fileName": "objects/Order.object",
      "fullName": "Order",
      "id": "",
      "lastModifiedById": "0055g00000BDNwlAAH",
      "lastModifiedByName": "Megha Mane",
      "lastModifiedDate": "1970-01-01T00:00:00.000Z",
      "namespacePrefix": "",
      "type": "CustomObject"
    },
    {
      "createdById": "0055g00000BDNwlAAH",
      "createdByName": "Megha Mane",
      "createdDate": "1970-01-01T00:00:00.000Z",
      "fileName": "objects/ActivityRecurrence2Exception.object",
      "fullName": "ActivityRecurrence2Exception",
      "id": "",
      "lastModifiedById": "0055g00000BDNwlAAH",
      "lastModifiedByName": "Megha Mane",
      "lastModifiedDate": "1970-01-01T00:00:00.000Z",
      "namespacePrefix": "",
      "type": "CustomObject"
    },
    {
      "createdById": "0055g00000BDNwlAAH",
      "createdByName": "Megha Mane",
      "createdDate": "2021-07-26T18:05:59.000Z",
      "fileName": "objects/et4ae5__ET4AE_Config__c.object",
      "fullName": "et4ae5__ET4AE_Config__c",
      "id": "01I5g000000SZXvEAO",
      "lastModifiedById": "0055g00000BDNwlAAH",
      "lastModifiedByName": "Megha Mane",
      "lastModifiedDate": "2021-07-26T18:05:59.000Z",
      "manageableState": "installed",
      "namespacePrefix": "et4ae5",
      "type": "CustomObject"
    },
    {
      "createdById": "0055g00000BDNwlAAH",
      "createdByName": "Megha Mane",
      "createdDate": "1970-01-01T00:00:00.000Z",
      "fileName": "objects/ScorecardAssociation.object",
      "fullName": "ScorecardAssociation",
      "id": "",
      "lastModifiedById": "0055g00000BDNwlAAH",
      "lastModifiedByName": "Megha Mane",
      "lastModifiedDate": "1970-01-01T00:00:00.000Z",
      "namespacePrefix": "",
      "type": "CustomObject"
    },
    {
      "createdById": "0055g00000BDNwlAAH",
      "createdByName": "Megha Mane",
      "createdDate": "1970-01-01T00:00:00.000Z",
      "fileName": "objects/Entitlement.object",
      "fullName": "Entitlement",
      "id": "",
      "lastModifiedById": "0055g00000BDNwlAAH",
      "lastModifiedByName": "Megha Mane",
      "lastModifiedDate": "1970-01-01T00:00:00.000Z",
      "namespacePrefix": "",
      "type": "CustomObject"
    },
    {
      "createdById": "0055g00000BDNwlAAH",
      "createdByName": "Megha Mane",
      "createdDate": "1970-01-01T00:00:00.000Z",
      "fileName": "objects/Account.object",
      "fullName": "Account",
      "id": "",
      "lastModifiedById": "0055g00000BDNwlAAH",
      "lastModifiedByName": "Megha Mane",
      "lastModifiedDate": "1970-01-01T00:00:00.000Z",
      "namespacePrefix": "",
      "type": "CustomObject"
    },
    {
      "createdById": "0055g00000BDNwlAAH",
      "createdByName": "Megha Mane",
      "createdDate": "2021-07-26T18:06:03.000Z",
      "fileName": "objects/et4ae5__UEBU__c.object",
      "fullName": "et4ae5__UEBU__c",
      "id": "01I5g000000SZYEEA4",
      "lastModifiedById": "0055g00000BDNwlAAH",
      "lastModifiedByName": "Megha Mane",
      "lastModifiedDate": "2021-07-26T18:08:07.000Z",
      "manageableState": "installed",
      "namespacePrefix": "et4ae5",
      "type": "CustomObject"
    },
    {
      "createdById": "0055g00000BDNwlAAH",
      "createdByName": "Megha Mane",
      "createdDate": "1970-01-01T00:00:00.000Z",
      "fileName": "objects/User.object",
      "fullName": "User",
      "id": "",
      "lastModifiedById": "0055g00000BDNwlAAH",
      "lastModifiedByName": "Megha Mane",
      "lastModifiedDate": "1970-01-01T00:00:00.000Z",
      "namespacePrefix": "",
      "type": "CustomObject"
    },
    {
      "createdById": "0055g00000BDuuxAAD",
      "createdByName": "Ashish Salunkhe",
      "createdDate": "2021-07-25T10:42:32.000Z",
      "fileName": "objects/Metro_Train__c.object",
      "fullName": "Metro_Train__c",
      "id": "01I5g000000SXx8EAG",
      "lastModifiedById": "0055g00000BDNwlAAH",
      "lastModifiedByName": "Megha Mane",
      "lastModifiedDate": "2021-07-26T17:18:09.000Z",
      "manageableState": "unmanaged",
      "type": "CustomObject"
    },
    {
      "createdById": "0055g00000BDNwlAAH",
      "createdByName": "Megha Mane",
      "createdDate": "1970-01-01T00:00:00.000Z",
      "fileName": "objects/CaseContactRole.object",
      "fullName": "CaseContactRole",
      "id": "",
      "lastModifiedById": "0055g00000BDNwlAAH",
      "lastModifiedByName": "Megha Mane",
      "lastModifiedDate": "1970-01-01T00:00:00.000Z",
      "namespacePrefix": "",
      "type": "CustomObject"
    },
    {
      "createdById": "0055g00000BDNwlAAH",
      "createdByName": "Megha Mane",
      "createdDate": "1970-01-01T00:00:00.000Z",
      "fileName": "objects/ProcessException.object",
      "fullName": "ProcessException",
      "id": "",
      "lastModifiedById": "0055g00000BDNwlAAH",
      "lastModifiedByName": "Megha Mane",
      "lastModifiedDate": "1970-01-01T00:00:00.000Z",
      "namespacePrefix": "",
      "type": "CustomObject"
    },
    {
      "createdById": "0055g00000BDNwlAAH",
      "createdByName": "Megha Mane",
      "createdDate": "1970-01-01T00:00:00.000Z",
      "fileName": "objects/Image.object",
      "fullName": "Image",
      "id": "",
      "lastModifiedById": "0055g00000BDNwlAAH",
      "lastModifiedByName": "Megha Mane",
      "lastModifiedDate": "1970-01-01T00:00:00.000Z",
      "namespacePrefix": "",
      "type": "CustomObject"
    },
    {
      "createdById": "0055g00000BDNwlAAH",
      "createdByName": "Megha Mane",
      "createdDate": "1970-01-01T00:00:00.000Z",
      "fileName": "objects/AssetRelationship.object",
      "fullName": "AssetRelationship",
      "id": "",
      "lastModifiedById": "0055g00000BDNwlAAH",
      "lastModifiedByName": "Megha Mane",
      "lastModifiedDate": "1970-01-01T00:00:00.000Z",
      "namespacePrefix": "",
      "type": "CustomObject"
    },
    {
      "createdById": "0055g00000BDNwlAAH",
      "createdByName": "Megha Mane",
      "createdDate": "1970-01-01T00:00:00.000Z",
      "fileName": "objects/ChannelProgramMember.object",
      "fullName": "ChannelProgramMember",
      "id": "",
      "lastModifiedById": "0055g00000BDNwlAAH",
      "lastModifiedByName": "Megha Mane",
      "lastModifiedDate": "1970-01-01T00:00:00.000Z",
      "namespacePrefix": "",
      "type": "CustomObject"
    },
    {
      "createdById": "0055g00000BDNwlAAH",
      "createdByName": "Megha Mane",
      "createdDate": "1970-01-01T00:00:00.000Z",
      "fileName": "objects/LeadCleanInfo.object",
      "fullName": "LeadCleanInfo",
      "id": "",
      "lastModifiedById": "0055g00000BDNwlAAH",
      "lastModifiedByName": "Megha Mane",
      "lastModifiedDate": "1970-01-01T00:00:00.000Z",
      "namespacePrefix": "",
      "type": "CustomObject"
    },
    {
      "createdById": "0055g00000BDuuxAAD",
      "createdByName": "Ashish Salunkhe",
      "createdDate": "2021-07-24T07:46:15.000Z",
      "fileName": "objects/Knowledge__kav.object",
      "fullName": "Knowledge__kav",
      "id": "01I5g000000SWvgEAG",
      "lastModifiedById": "0055g00000BDuuxAAD",
      "lastModifiedByName": "Ashish Salunkhe",
      "lastModifiedDate": "2021-07-24T07:46:15.000Z",
      "manageableState": "unmanaged",
      "type": "CustomObject"
    },
    {
      "createdById": "0055g00000BDNwlAAH",
      "createdByName": "Megha Mane",
      "createdDate": "1970-01-01T00:00:00.000Z",
      "fileName": "objects/WorkTypeGroup.object",
      "fullName": "WorkTypeGroup",
      "id": "",
      "lastModifiedById": "0055g00000BDNwlAAH",
      "lastModifiedByName": "Megha Mane",
      "lastModifiedDate": "1970-01-01T00:00:00.000Z",
      "namespacePrefix": "",
      "type": "CustomObject"
    },
    {
      "createdById": "0055g00000BDNwlAAH",
      "createdByName": "Megha Mane",
      "createdDate": "1970-01-01T00:00:00.000Z",
      "fileName": "objects/ChannelProgramLevel.object",
      "fullName": "ChannelProgramLevel",
      "id": "",
      "lastModifiedById": "0055g00000BDNwlAAH",
      "lastModifiedByName": "Megha Mane",
      "lastModifiedDate": "1970-01-01T00:00:00.000Z",
      "namespacePrefix": "",
      "type": "CustomObject"
    },
    {
      "createdById": "0055g00000BDNwlAAH",
      "createdByName": "Megha Mane",
      "createdDate": "1970-01-01T00:00:00.000Z",
      "fileName": "objects/PromptError.object",
      "fullName": "PromptError",
      "id": "",
      "lastModifiedById": "0055g00000BDNwlAAH",
      "lastModifiedByName": "Megha Mane",
      "lastModifiedDate": "1970-01-01T00:00:00.000Z",
      "namespacePrefix": "",
      "type": "CustomObject"
    },
    {
      "createdById": "0055g00000BDNwlAAH",
      "createdByName": "Megha Mane",
      "createdDate": "1970-01-01T00:00:00.000Z",
      "fileName": "objects/PartnerFundClaim.object",
      "fullName": "PartnerFundClaim",
      "id": "",
      "lastModifiedById": "0055g00000BDNwlAAH",
      "lastModifiedByName": "Megha Mane",
      "lastModifiedDate": "1970-01-01T00:00:00.000Z",
      "namespacePrefix": "",
      "type": "CustomObject"
    },
    {
      "createdById": "0055g00000BDNwlAAH",
      "createdByName": "Megha Mane",
      "createdDate": "1970-01-01T00:00:00.000Z",
      "fileName": "objects/LearningAssignmentProgress.object",
      "fullName": "LearningAssignmentProgress",
      "id": "",
      "lastModifiedById": "0055g00000BDNwlAAH",
      "lastModifiedByName": "Megha Mane",
      "lastModifiedDate": "1970-01-01T00:00:00.000Z",
      "namespacePrefix": "",
      "type": "CustomObject"
    },
    {
      "createdById": "0055g00000BDNwlAAH",
      "createdByName": "Megha Mane",
      "createdDate": "1970-01-01T00:00:00.000Z",
      "fileName": "objects/WorkOrder.object",
      "fullName": "WorkOrder",
      "id": "",
      "lastModifiedById": "0055g00000BDNwlAAH",
      "lastModifiedByName": "Megha Mane",
      "lastModifiedDate": "1970-01-01T00:00:00.000Z",
      "namespacePrefix": "",
      "type": "CustomObject"
    },
    {
      "createdById": "0055g00000BDNwlAAH",
      "createdByName": "Megha Mane",
      "createdDate": "1970-01-01T00:00:00.000Z",
      "fileName": "objects/AssociatedLocation.object",
      "fullName": "AssociatedLocation",
      "id": "",
      "lastModifiedById": "0055g00000BDNwlAAH",
      "lastModifiedByName": "Megha Mane",
      "lastModifiedDate": "1970-01-01T00:00:00.000Z",
      "namespacePrefix": "",
      "type": "CustomObject"
    },
    {
      "createdById": "0055g00000BDNwlAAH",
      "createdByName": "Megha Mane",
      "createdDate": "1970-01-01T00:00:00.000Z",
      "fileName": "objects/ReturnOrderItemAdjustment.object",
      "fullName": "ReturnOrderItemAdjustment",
      "id": "",
      "lastModifiedById": "0055g00000BDNwlAAH",
      "lastModifiedByName": "Megha Mane",
      "lastModifiedDate": "1970-01-01T00:00:00.000Z",
      "namespacePrefix": "",
      "type": "CustomObject"
    },
    {
      "createdById": "0055g00000BDNwlAAH",
      "createdByName": "Megha Mane",
      "createdDate": "1970-01-01T00:00:00.000Z",
      "fileName": "objects/EntitlementContact.object",
      "fullName": "EntitlementContact",
      "id": "",
      "lastModifiedById": "0055g00000BDNwlAAH",
      "lastModifiedByName": "Megha Mane",
      "lastModifiedDate": "1970-01-01T00:00:00.000Z",
      "namespacePrefix": "",
      "type": "CustomObject"
    },
    {
      "createdById": "0055g00000BDNwlAAH",
      "createdByName": "Megha Mane",
      "createdDate": "1970-01-01T00:00:00.000Z",
      "fileName": "objects/ConsumptionRate.object",
      "fullName": "ConsumptionRate",
      "id": "",
      "lastModifiedById": "0055g00000BDNwlAAH",
      "lastModifiedByName": "Megha Mane",
      "lastModifiedDate": "1970-01-01T00:00:00.000Z",
      "namespacePrefix": "",
      "type": "CustomObject"
    },
    {
      "createdById": "0055g00000BDNwlAAH",
      "createdByName": "Megha Mane",
      "createdDate": "1970-01-01T00:00:00.000Z",
      "fileName": "objects/ProductConsumptionSchedule.object",
      "fullName": "ProductConsumptionSchedule",
      "id": "",
      "lastModifiedById": "0055g00000BDNwlAAH",
      "lastModifiedByName": "Megha Mane",
      "lastModifiedDate": "1970-01-01T00:00:00.000Z",
      "namespacePrefix": "",
      "type": "CustomObject"
    },
    {
      "createdById": "0055g00000BDNwlAAH",
      "createdByName": "Megha Mane",
      "createdDate": "1970-01-01T00:00:00.000Z",
      "fileName": "objects/DataUseLegalBasis.object",
      "fullName": "DataUseLegalBasis",
      "id": "",
      "lastModifiedById": "0055g00000BDNwlAAH",
      "lastModifiedByName": "Megha Mane",
      "lastModifiedDate": "1970-01-01T00:00:00.000Z",
      "namespacePrefix": "",
      "type": "CustomObject"
    },
    {
      "createdById": "0055g00000BDNwlAAH",
      "createdByName": "Megha Mane",
      "createdDate": "1970-01-01T00:00:00.000Z",
      "fileName": "objects/StreamActivityAccess.object",
      "fullName": "StreamActivityAccess",
      "id": "",
      "lastModifiedById": "0055g00000BDNwlAAH",
      "lastModifiedByName": "Megha Mane",
      "lastModifiedDate": "1970-01-01T00:00:00.000Z",
      "namespacePrefix": "",
      "type": "CustomObject"
    },
    {
      "createdById": "0055g00000BDNwlAAH",
      "createdByName": "Megha Mane",
      "createdDate": "1970-01-01T00:00:00.000Z",
      "fileName": "objects/MessagingSession.object",
      "fullName": "MessagingSession",
      "id": "",
      "lastModifiedById": "0055g00000BDNwlAAH",
      "lastModifiedByName": "Megha Mane",
      "lastModifiedDate": "1970-01-01T00:00:00.000Z",
      "namespacePrefix": "",
      "type": "CustomObject"
    },
    {
      "createdById": "0055g00000BDNwlAAH",
      "createdByName": "Megha Mane",
      "createdDate": "1970-01-01T00:00:00.000Z",
      "fileName": "objects/AgentWork.object",
      "fullName": "AgentWork",
      "id": "",
      "lastModifiedById": "0055g00000BDNwlAAH",
      "lastModifiedByName": "Megha Mane",
      "lastModifiedDate": "1970-01-01T00:00:00.000Z",
      "namespacePrefix": "",
      "type": "CustomObject"
    },
    {
      "createdById": "0055g00000BDNwlAAH",
      "createdByName": "Megha Mane",
      "createdDate": "1970-01-01T00:00:00.000Z",
      "fileName": "objects/OrderItem.object",
      "fullName": "OrderItem",
      "id": "",
      "lastModifiedById": "0055g00000BDNwlAAH",
      "lastModifiedByName": "Megha Mane",
      "lastModifiedDate": "1970-01-01T00:00:00.000Z",
      "namespacePrefix": "",
      "type": "CustomObject"
    },
    {
      "createdById": "0055g00000BDNwlAAH",
      "createdByName": "Megha Mane",
      "createdDate": "2021-07-26T18:06:00.000Z",
      "fileName": "objects/et4ae5__JB_CDC_Event__e.object",
      "fullName": "et4ae5__JB_CDC_Event__e",
      "id": "01I5g000000SZY3EAO",
      "lastModifiedById": "0055g00000BDNwlAAH",
      "lastModifiedByName": "Megha Mane",
      "lastModifiedDate": "2021-07-26T18:06:00.000Z",
      "manageableState": "installed",
      "namespacePrefix": "et4ae5",
      "type": "CustomObject"
    },
    {
      "createdById": "0055g00000BDNwlAAH",
      "createdByName": "Megha Mane",
      "createdDate": "2021-07-26T18:06:03.000Z",
      "fileName": "objects/et4ae5__SendJunction__c.object",
      "fullName": "et4ae5__SendJunction__c",
      "id": "01I5g000000SZYBEA4",
      "lastModifiedById": "0055g00000BDNwlAAH",
      "lastModifiedByName": "Megha Mane",
      "lastModifiedDate": "2021-07-26T18:08:06.000Z",
      "manageableState": "installed",
      "namespacePrefix": "et4ae5",
      "type": "CustomObject"
    },
    {
      "createdById": "0055g00000BDNwlAAH",
      "createdByName": "Megha Mane",
      "createdDate": "1970-01-01T00:00:00.000Z",
      "fileName": "objects/ChannelProgram.object",
      "fullName": "ChannelProgram",
      "id": "",
      "lastModifiedById": "0055g00000BDNwlAAH",
      "lastModifiedByName": "Megha Mane",
      "lastModifiedDate": "1970-01-01T00:00:00.000Z",
      "namespacePrefix": "",
      "type": "CustomObject"
    },
    {
      "createdById": "0055g00000BDNwlAAH",
      "createdByName": "Megha Mane",
      "createdDate": "1970-01-01T00:00:00.000Z",
      "fileName": "objects/Refund.object",
      "fullName": "Refund",
      "id": "",
      "lastModifiedById": "0055g00000BDNwlAAH",
      "lastModifiedByName": "Megha Mane",
      "lastModifiedDate": "1970-01-01T00:00:00.000Z",
      "namespacePrefix": "",
      "type": "CustomObject"
    },
    {
      "createdById": "0055g00000BDNwlAAH",
      "createdByName": "Megha Mane",
      "createdDate": "2021-07-26T18:06:03.000Z",
      "fileName": "objects/et4ae5__SupportRequest__c.object",
      "fullName": "et4ae5__SupportRequest__c",
      "id": "01I5g000000SZYCEA4",
      "lastModifiedById": "0055g00000BDNwlAAH",
      "lastModifiedByName": "Megha Mane",
      "lastModifiedDate": "2021-07-26T18:08:06.000Z",
      "manageableState": "installed",
      "namespacePrefix": "et4ae5",
      "type": "CustomObject"
    },
    {
      "createdById": "0055g00000BDNwlAAH",
      "createdByName": "Megha Mane",
      "createdDate": "1970-01-01T00:00:00.000Z",
      "fileName": "objects/SkillRequirement.object",
      "fullName": "SkillRequirement",
      "id": "",
      "lastModifiedById": "0055g00000BDNwlAAH",
      "lastModifiedByName": "Megha Mane",
      "lastModifiedDate": "1970-01-01T00:00:00.000Z",
      "namespacePrefix": "",
      "type": "CustomObject"
    },
    {
      "createdById": "0055g00000BDNwlAAH",
      "createdByName": "Megha Mane",
      "createdDate": "1970-01-01T00:00:00.000Z",
      "fileName": "objects/ContactPointPhone.object",
      "fullName": "ContactPointPhone",
      "id": "",
      "lastModifiedById": "0055g00000BDNwlAAH",
      "lastModifiedByName": "Megha Mane",
      "lastModifiedDate": "1970-01-01T00:00:00.000Z",
      "namespacePrefix": "",
      "type": "CustomObject"
    },
    {
      "createdById": "0055g00000BDNwlAAH",
      "createdByName": "Megha Mane",
      "createdDate": "1970-01-01T00:00:00.000Z",
      "fileName": "objects/RecordMergeHistory.object",
      "fullName": "RecordMergeHistory",
      "id": "",
      "lastModifiedById": "0055g00000BDNwlAAH",
      "lastModifiedByName": "Megha Mane",
      "lastModifiedDate": "1970-01-01T00:00:00.000Z",
      "namespacePrefix": "",
      "type": "CustomObject"
    },
    {
      "createdById": "0055g00000BDNwlAAH",
      "createdByName": "Megha Mane",
      "createdDate": "1970-01-01T00:00:00.000Z",
      "fileName": "objects/AuthorizationFormDataUse.object",
      "fullName": "AuthorizationFormDataUse",
      "id": "",
      "lastModifiedById": "0055g00000BDNwlAAH",
      "lastModifiedByName": "Megha Mane",
      "lastModifiedDate": "1970-01-01T00:00:00.000Z",
      "namespacePrefix": "",
      "type": "CustomObject"
    },
    {
      "createdById": "0055g00000BDNwlAAH",
      "createdByName": "Megha Mane",
      "createdDate": "1970-01-01T00:00:00.000Z",
      "fileName": "objects/PromptAction.object",
      "fullName": "PromptAction",
      "id": "",
      "lastModifiedById": "0055g00000BDNwlAAH",
      "lastModifiedByName": "Megha Mane",
      "lastModifiedDate": "1970-01-01T00:00:00.000Z",
      "namespacePrefix": "",
      "type": "CustomObject"
    },
    {
      "createdById": "0055g00000BDNwlAAH",
      "createdByName": "Megha Mane",
      "createdDate": "1970-01-01T00:00:00.000Z",
      "fileName": "objects/AlternativePaymentMethod.object",
      "fullName": "AlternativePaymentMethod",
      "id": "",
      "lastModifiedById": "0055g00000BDNwlAAH",
      "lastModifiedByName": "Megha Mane",
      "lastModifiedDate": "1970-01-01T00:00:00.000Z",
      "namespacePrefix": "",
      "type": "CustomObject"
    },
    {
      "createdById": "0055g00000BDNwlAAH",
      "createdByName": "Megha Mane",
      "createdDate": "1970-01-01T00:00:00.000Z",
      "fileName": "objects/AssetActionSource.object",
      "fullName": "AssetActionSource",
      "id": "",
      "lastModifiedById": "0055g00000BDNwlAAH",
      "lastModifiedByName": "Megha Mane",
      "lastModifiedDate": "1970-01-01T00:00:00.000Z",
      "namespacePrefix": "",
      "type": "CustomObject"
    },
    {
      "createdById": "0055g00000BDNwlAAH",
      "createdByName": "Megha Mane",
      "createdDate": "1970-01-01T00:00:00.000Z",
      "fileName": "objects/WorkTypeGroupMember.object",
      "fullName": "WorkTypeGroupMember",
      "id": "",
      "lastModifiedById": "0055g00000BDNwlAAH",
      "lastModifiedByName": "Megha Mane",
      "lastModifiedDate": "1970-01-01T00:00:00.000Z",
      "namespacePrefix": "",
      "type": "CustomObject"
    },
    {
      "createdById": "0055g00000BDNwlAAH",
      "createdByName": "Megha Mane",
      "createdDate": "1970-01-01T00:00:00.000Z",
      "fileName": "objects/PaymentAuthAdjustment.object",
      "fullName": "PaymentAuthAdjustment",
      "id": "",
      "lastModifiedById": "0055g00000BDNwlAAH",
      "lastModifiedByName": "Megha Mane",
      "lastModifiedDate": "1970-01-01T00:00:00.000Z",
      "namespacePrefix": "",
      "type": "CustomObject"
    },
    {
      "createdById": "0055g00000BDNwlAAH",
      "createdByName": "Megha Mane",
      "createdDate": "1970-01-01T00:00:00.000Z",
      "fileName": "objects/LiveChatVisitor.object",
      "fullName": "LiveChatVisitor",
      "id": "",
      "lastModifiedById": "0055g00000BDNwlAAH",
      "lastModifiedByName": "Megha Mane",
      "lastModifiedDate": "1970-01-01T00:00:00.000Z",
      "namespacePrefix": "",
      "type": "CustomObject"
    },
    {
      "createdById": "0055g00000BDNwlAAH",
      "createdByName": "Megha Mane",
      "createdDate": "1970-01-01T00:00:00.000Z",
      "fileName": "objects/QuickTextUsage.object",
      "fullName": "QuickTextUsage",
      "id": "",
      "lastModifiedById": "0055g00000BDNwlAAH",
      "lastModifiedByName": "Megha Mane",
      "lastModifiedDate": "1970-01-01T00:00:00.000Z",
      "namespacePrefix": "",
      "type": "CustomObject"
    },
    {
      "createdById": "0055g00000BDNwlAAH",
      "createdByName": "Megha Mane",
      "createdDate": "1970-01-01T00:00:00.000Z",
      "fileName": "objects/CaseMilestone.object",
      "fullName": "CaseMilestone",
      "id": "",
      "lastModifiedById": "0055g00000BDNwlAAH",
      "lastModifiedByName": "Megha Mane",
      "lastModifiedDate": "1970-01-01T00:00:00.000Z",
      "namespacePrefix": "",
      "type": "CustomObject"
    },
    {
      "createdById": "0055g00000BDNwlAAH",
      "createdByName": "Megha Mane",
      "createdDate": "1970-01-01T00:00:00.000Z",
      "fileName": "objects/DelegatedAccount.object",
      "fullName": "DelegatedAccount",
      "id": "",
      "lastModifiedById": "0055g00000BDNwlAAH",
      "lastModifiedByName": "Megha Mane",
      "lastModifiedDate": "1970-01-01T00:00:00.000Z",
      "namespacePrefix": "",
      "type": "CustomObject"
    },
    {
      "createdById": "0055g00000BDNwlAAH",
      "createdByName": "Megha Mane",
      "createdDate": "1970-01-01T00:00:00.000Z",
      "fileName": "objects/RefundLinePayment.object",
      "fullName": "RefundLinePayment",
      "id": "",
      "lastModifiedById": "0055g00000BDNwlAAH",
      "lastModifiedByName": "Megha Mane",
      "lastModifiedDate": "1970-01-01T00:00:00.000Z",
      "namespacePrefix": "",
      "type": "CustomObject"
    },
    {
      "createdById": "0055g00000BDNwlAAH",
      "createdByName": "Megha Mane",
      "createdDate": "1970-01-01T00:00:00.000Z",
      "fileName": "objects/OpportunityContactRole.object",
      "fullName": "OpportunityContactRole",
      "id": "",
      "lastModifiedById": "0055g00000BDNwlAAH",
      "lastModifiedByName": "Megha Mane",
      "lastModifiedDate": "1970-01-01T00:00:00.000Z",
      "namespacePrefix": "",
      "type": "CustomObject"
    },
    {
      "createdById": "0055g00000BDuuxAAD",
      "createdByName": "Ashish Salunkhe",
      "createdDate": "2021-08-01T09:04:57.000Z",
      "fileName": "objects/MetroWallet__c.object",
      "fullName": "MetroWallet__c",
      "id": "01I5g000000SgjXEAS",
      "lastModifiedById": "0055g00000BDuuxAAD",
      "lastModifiedByName": "Ashish Salunkhe",
      "lastModifiedDate": "2021-08-01T09:18:48.000Z",
      "manageableState": "unmanaged",
      "type": "CustomObject"
    },
    {
      "createdById": "0055g00000BDNwlAAH",
      "createdByName": "Megha Mane",
      "createdDate": "1970-01-01T00:00:00.000Z",
      "fileName": "objects/LearningLinkProgress.object",
      "fullName": "LearningLinkProgress",
      "id": "",
      "lastModifiedById": "0055g00000BDNwlAAH",
      "lastModifiedByName": "Megha Mane",
      "lastModifiedDate": "1970-01-01T00:00:00.000Z",
      "namespacePrefix": "",
      "type": "CustomObject"
    },
    {
      "createdById": "0055g00000BDNwlAAH",
      "createdByName": "Megha Mane",
      "createdDate": "2021-07-26T18:06:03.000Z",
      "fileName": "objects/et4ae5__SendDefinition__c.object",
      "fullName": "et4ae5__SendDefinition__c",
      "id": "01I5g000000SZYAEA4",
      "lastModifiedById": "0055g00000BDNwlAAH",
      "lastModifiedByName": "Megha Mane",
      "lastModifiedDate": "2021-07-26T18:08:06.000Z",
      "manageableState": "installed",
      "namespacePrefix": "et4ae5",
      "type": "CustomObject"
    },
    {
      "createdById": "0055g00000BDNwlAAH",
      "createdByName": "Megha Mane",
      "createdDate": "2021-07-30T16:27:02.000Z",
      "fileName": "objects/MetroPass__c.object",
      "fullName": "MetroPass__c",
      "id": "01I5g000000SgICEA0",
      "lastModifiedById": "0055g00000BDNwlAAH",
      "lastModifiedByName": "Megha Mane",
      "lastModifiedDate": "2021-08-01T12:46:56.000Z",
      "manageableState": "unmanaged",
      "type": "CustomObject"
    },
    {
      "createdById": "0055g00000BDNwlAAH",
      "createdByName": "Megha Mane",
      "createdDate": "1970-01-01T00:00:00.000Z",
      "fileName": "objects/AppointmentTopicTimeSlot.object",
      "fullName": "AppointmentTopicTimeSlot",
      "id": "",
      "lastModifiedById": "0055g00000BDNwlAAH",
      "lastModifiedByName": "Megha Mane",
      "lastModifiedDate": "1970-01-01T00:00:00.000Z",
      "namespacePrefix": "",
      "type": "CustomObject"
    },
    {
      "createdById": "0055g00000BDNwlAAH",
      "createdByName": "Megha Mane",
      "createdDate": "1970-01-01T00:00:00.000Z",
      "fileName": "objects/ServiceAppointment.object",
      "fullName": "ServiceAppointment",
      "id": "",
      "lastModifiedById": "0055g00000BDNwlAAH",
      "lastModifiedByName": "Megha Mane",
      "lastModifiedDate": "1970-01-01T00:00:00.000Z",
      "namespacePrefix": "",
      "type": "CustomObject"
    },
    {
      "createdById": "0055g00000BDNwlAAH",
      "createdByName": "Megha Mane",
      "createdDate": "1970-01-01T00:00:00.000Z",
      "fileName": "objects/ReturnOrder.object",
      "fullName": "ReturnOrder",
      "id": "",
      "lastModifiedById": "0055g00000BDNwlAAH",
      "lastModifiedByName": "Megha Mane",
      "lastModifiedDate": "1970-01-01T00:00:00.000Z",
      "namespacePrefix": "",
      "type": "CustomObject"
    },
    {
      "createdById": "0055g00000BDNwlAAH",
      "createdByName": "Megha Mane",
      "createdDate": "1970-01-01T00:00:00.000Z",
      "fileName": "objects/AccountContactRole.object",
      "fullName": "AccountContactRole",
      "id": "",
      "lastModifiedById": "0055g00000BDNwlAAH",
      "lastModifiedByName": "Megha Mane",
      "lastModifiedDate": "1970-01-01T00:00:00.000Z",
      "namespacePrefix": "",
      "type": "CustomObject"
    },
    {
      "createdById": "0055g00000BDNwlAAH",
      "createdByName": "Megha Mane",
      "createdDate": "1970-01-01T00:00:00.000Z",
      "fileName": "objects/Asset.object",
      "fullName": "Asset",
      "id": "",
      "lastModifiedById": "0055g00000BDNwlAAH",
      "lastModifiedByName": "Megha Mane",
      "lastModifiedDate": "1970-01-01T00:00:00.000Z",
      "namespacePrefix": "",
      "type": "CustomObject"
    },
    {
      "createdById": "0055g00000BDNwlAAH",
      "createdByName": "Megha Mane",
      "createdDate": "1970-01-01T00:00:00.000Z",
      "fileName": "objects/ContactPointConsent.object",
      "fullName": "ContactPointConsent",
      "id": "",
      "lastModifiedById": "0055g00000BDNwlAAH",
      "lastModifiedByName": "Megha Mane",
      "lastModifiedDate": "1970-01-01T00:00:00.000Z",
      "namespacePrefix": "",
      "type": "CustomObject"
    },
    {
      "createdById": "0055g00000BDNwlAAH",
      "createdByName": "Megha Mane",
      "createdDate": "1970-01-01T00:00:00.000Z",
      "fileName": "objects/ServiceResourceSkill.object",
      "fullName": "ServiceResourceSkill",
      "id": "",
      "lastModifiedById": "0055g00000BDNwlAAH",
      "lastModifiedByName": "Megha Mane",
      "lastModifiedDate": "1970-01-01T00:00:00.000Z",
      "namespacePrefix": "",
      "type": "CustomObject"
    },
    {
      "createdById": "0055g00000BDNwlAAH",
      "createdByName": "Megha Mane",
      "createdDate": "2021-07-26T18:05:59.000Z",
      "fileName": "objects/et4ae5__ET4AEConfig__c.object",
      "fullName": "et4ae5__ET4AEConfig__c",
      "id": "01I5g000000SZXuEAO",
      "lastModifiedById": "0055g00000BDNwlAAH",
      "lastModifiedByName": "Megha Mane",
      "lastModifiedDate": "2021-07-26T18:05:59.000Z",
      "manageableState": "installed",
      "namespacePrefix": "et4ae5",
      "type": "CustomObject"
    },
    {
      "createdById": "0055g00000BDNwlAAH",
      "createdByName": "Megha Mane",
      "createdDate": "1970-01-01T00:00:00.000Z",
      "fileName": "objects/Case.object",
      "fullName": "Case",
      "id": "",
      "lastModifiedById": "0055g00000BDNwlAAH",
      "lastModifiedByName": "Megha Mane",
      "lastModifiedDate": "1970-01-01T00:00:00.000Z",
      "namespacePrefix": "",
      "type": "CustomObject"
    },
    {
      "createdById": "0055g00000BDNwlAAH",
      "createdByName": "Megha Mane",
      "createdDate": "1970-01-01T00:00:00.000Z",
      "fileName": "objects/ServiceContract.object",
      "fullName": "ServiceContract",
      "id": "",
      "lastModifiedById": "0055g00000BDNwlAAH",
      "lastModifiedByName": "Megha Mane",
      "lastModifiedDate": "1970-01-01T00:00:00.000Z",
      "namespacePrefix": "",
      "type": "CustomObject"
    },
    {
      "createdById": "0055g00000BDNwlAAH",
      "createdByName": "Megha Mane",
      "createdDate": "1970-01-01T00:00:00.000Z",
      "fileName": "objects/QuickText.object",
      "fullName": "QuickText",
      "id": "",
      "lastModifiedById": "0055g00000BDNwlAAH",
      "lastModifiedByName": "Megha Mane",
      "lastModifiedDate": "1970-01-01T00:00:00.000Z",
      "namespacePrefix": "",
      "type": "CustomObject"
    },
    {
      "createdById": "0055g00000BDNwlAAH",
      "createdByName": "Megha Mane",
      "createdDate": "1970-01-01T00:00:00.000Z",
      "fileName": "objects/InvoiceLine.object",
      "fullName": "InvoiceLine",
      "id": "",
      "lastModifiedById": "0055g00000BDNwlAAH",
      "lastModifiedByName": "Megha Mane",
      "lastModifiedDate": "1970-01-01T00:00:00.000Z",
      "namespacePrefix": "",
      "type": "CustomObject"
    },
    {
      "createdById": "0055g00000BDNwlAAH",
      "createdByName": "Megha Mane",
      "createdDate": "1970-01-01T00:00:00.000Z",
      "fileName": "objects/DigitalWallet.object",
      "fullName": "DigitalWallet",
      "id": "",
      "lastModifiedById": "0055g00000BDNwlAAH",
      "lastModifiedByName": "Megha Mane",
      "lastModifiedDate": "1970-01-01T00:00:00.000Z",
      "namespacePrefix": "",
      "type": "CustomObject"
    },
    {
      "createdById": "0055g00000BDNwlAAH",
      "createdByName": "Megha Mane",
      "createdDate": "1970-01-01T00:00:00.000Z",
      "fileName": "objects/EmailMessage.object",
      "fullName": "EmailMessage",
      "id": "",
      "lastModifiedById": "0055g00000BDNwlAAH",
      "lastModifiedByName": "Megha Mane",
      "lastModifiedDate": "1970-01-01T00:00:00.000Z",
      "namespacePrefix": "",
      "type": "CustomObject"
    },
    {
      "createdById": "0055g00000BDNwlAAH",
      "createdByName": "Megha Mane",
      "createdDate": "1970-01-01T00:00:00.000Z",
      "fileName": "objects/NetworkMember.object",
      "fullName": "NetworkMember",
      "id": "",
      "lastModifiedById": "0055g00000BDNwlAAH",
      "lastModifiedByName": "Megha Mane",
      "lastModifiedDate": "1970-01-01T00:00:00.000Z",
      "namespacePrefix": "",
      "type": "CustomObject"
    },
    {
      "createdById": "0055g00000BDNwlAAH",
      "createdByName": "Megha Mane",
      "createdDate": "1970-01-01T00:00:00.000Z",
      "fileName": "objects/FeedItem.object",
      "fullName": "FeedItem",
      "id": "",
      "lastModifiedById": "0055g00000BDNwlAAH",
      "lastModifiedByName": "Megha Mane",
      "lastModifiedDate": "1970-01-01T00:00:00.000Z",
      "namespacePrefix": "",
      "type": "CustomObject"
    },
    {
      "createdById": "0055g00000BDNwlAAH",
      "createdByName": "Megha Mane",
      "createdDate": "2021-07-26T18:06:03.000Z",
      "fileName": "objects/et4ae5__MC_CDC_Journey__c.object",
      "fullName": "et4ae5__MC_CDC_Journey__c",
      "id": "01I5g000000SZY7EAO",
      "lastModifiedById": "0055g00000BDNwlAAH",
      "lastModifiedByName": "Megha Mane",
      "lastModifiedDate": "2021-07-26T18:08:05.000Z",
      "manageableState": "installed",
      "namespacePrefix": "et4ae5",
      "type": "CustomObject"
    },
    {
      "createdById": "0055g00000BDNwlAAH",
      "createdByName": "Megha Mane",
      "createdDate": "1970-01-01T00:00:00.000Z",
      "fileName": "objects/ServiceTerritory.object",
      "fullName": "ServiceTerritory",
      "id": "",
      "lastModifiedById": "0055g00000BDNwlAAH",
      "lastModifiedByName": "Megha Mane",
      "lastModifiedDate": "1970-01-01T00:00:00.000Z",
      "namespacePrefix": "",
      "type": "CustomObject"
    },
    {
      "createdById": "0055g00000BDNwlAAH",
      "createdByName": "Megha Mane",
      "createdDate": "1970-01-01T00:00:00.000Z",
      "fileName": "objects/PricebookEntry.object",
      "fullName": "PricebookEntry",
      "id": "",
      "lastModifiedById": "0055g00000BDNwlAAH",
      "lastModifiedByName": "Megha Mane",
      "lastModifiedDate": "1970-01-01T00:00:00.000Z",
      "namespacePrefix": "",
      "type": "CustomObject"
    },
    {
      "createdById": "0055g00000BDNwlAAH",
      "createdByName": "Megha Mane",
      "createdDate": "2021-07-26T18:05:59.000Z",
      "fileName": "objects/et4ae5__Email_Linkage__c.object",
      "fullName": "et4ae5__Email_Linkage__c",
      "id": "01I5g000000SZY0EAO",
      "lastModifiedById": "0055g00000BDNwlAAH",
      "lastModifiedByName": "Megha Mane",
      "lastModifiedDate": "2021-07-26T18:08:05.000Z",
      "manageableState": "installed",
      "namespacePrefix": "et4ae5",
      "type": "CustomObject"
    },
    {
      "createdById": "0055g00000BDNwlAAH",
      "createdByName": "Megha Mane",
      "createdDate": "2021-07-26T18:05:59.000Z",
      "fileName": "objects/et4ae5__IndividualEmailResult__c.object",
      "fullName": "et4ae5__IndividualEmailResult__c",
      "id": "01I5g000000SZY1EAO",
      "lastModifiedById": "0055g00000BDNwlAAH",
      "lastModifiedByName": "Megha Mane",
      "lastModifiedDate": "2021-07-26T18:08:05.000Z",
      "manageableState": "installed",
      "namespacePrefix": "et4ae5",
      "type": "CustomObject"
    },
    {
      "createdById": "0055g00000BDNwlAAH",
      "createdByName": "Megha Mane",
      "createdDate": "1970-01-01T00:00:00.000Z",
      "fileName": "objects/ScorecardMetric.object",
      "fullName": "ScorecardMetric",
      "id": "",
      "lastModifiedById": "0055g00000BDNwlAAH",
      "lastModifiedByName": "Megha Mane",
      "lastModifiedDate": "1970-01-01T00:00:00.000Z",
      "namespacePrefix": "",
      "type": "CustomObject"
    },
    {
      "createdById": "0055g00000BDNwlAAH",
      "createdByName": "Megha Mane",
      "createdDate": "1970-01-01T00:00:00.000Z",
      "fileName": "objects/ExternalEventMapping.object",
      "fullName": "ExternalEventMapping",
      "id": "",
      "lastModifiedById": "0055g00000BDNwlAAH",
      "lastModifiedByName": "Megha Mane",
      "lastModifiedDate": "1970-01-01T00:00:00.000Z",
      "namespacePrefix": "",
      "type": "CustomObject"
    },
    {
      "createdById": "0055g00000BDNwlAAH",
      "createdByName": "Megha Mane",
      "createdDate": "1970-01-01T00:00:00.000Z",
      "fileName": "objects/PartnerFundRequest.object",
      "fullName": "PartnerFundRequest",
      "id": "",
      "lastModifiedById": "0055g00000BDNwlAAH",
      "lastModifiedByName": "Megha Mane",
      "lastModifiedDate": "1970-01-01T00:00:00.000Z",
      "namespacePrefix": "",
      "type": "CustomObject"
    },
    {
      "createdById": "0055g00000BDNwlAAH",
      "createdByName": "Megha Mane",
      "createdDate": "1970-01-01T00:00:00.000Z",
      "fileName": "objects/AssetAction.object",
      "fullName": "AssetAction",
      "id": "",
      "lastModifiedById": "0055g00000BDNwlAAH",
      "lastModifiedByName": "Megha Mane",
      "lastModifiedDate": "1970-01-01T00:00:00.000Z",
      "namespacePrefix": "",
      "type": "CustomObject"
    },
    {
      "createdById": "0055g00000BDNwlAAH",
      "createdByName": "Megha Mane",
      "createdDate": "2021-07-26T18:05:59.000Z",
      "fileName": "objects/et4ae5__Automated_Send__c.object",
      "fullName": "et4ae5__Automated_Send__c",
      "id": "01I5g000000SZXqEAO",
      "lastModifiedById": "0055g00000BDNwlAAH",
      "lastModifiedByName": "Megha Mane",
      "lastModifiedDate": "2021-07-26T18:08:03.000Z",
      "manageableState": "installed",
      "namespacePrefix": "et4ae5",
      "type": "CustomObject"
    },
    {
      "createdById": "0055g00000BDNwlAAH",
      "createdByName": "Megha Mane",
      "createdDate": "2021-07-26T18:06:03.000Z",
      "fileName": "objects/et4ae5__abTest__c.object",
      "fullName": "et4ae5__abTest__c",
      "id": "01I5g000000SZYFEA4",
      "lastModifiedById": "0055g00000BDNwlAAH",
      "lastModifiedByName": "Megha Mane",
      "lastModifiedDate": "2021-07-26T18:08:07.000Z",
      "manageableState": "installed",
      "namespacePrefix": "et4ae5",
      "type": "CustomObject"
    }
  ]
}
