{
  "status": 0,
  "result": [
    {
      "createdById": "0055g00000BDuuxAAD",
      "createdByName": "Ashish Salunkhe",
      "createdDate": "2021-07-24T08:00:45.000Z",
      "fileName": "sites/Customer_Support_Community.site",
      "fullName": "Customer_Support_Community",
      "id": "0DM5g0000004iByGAI",
      "lastModifiedById": "0055g00000BDuuxAAD",
      "lastModifiedByName": "Ashish Salunkhe",
      "lastModifiedDate": "2021-07-24T10:43:54.000Z",
      "type": "CustomSite"
    },
    {
      "createdById": "0055g00000BDuuxAAD",
      "createdByName": "Ashish Salunkhe",
      "createdDate": "2021-07-24T10:29:37.000Z",
      "fileName": "sites/MahaMetroLinkPune.site",
      "fullName": "MahaMetroLinkPune",
      "id": "0DM5g0000004iGGGAY",
      "lastModifiedById": "0055g00000BDNwlAAH",
      "lastModifiedByName": "Megha Mane",
      "lastModifiedDate": "2021-07-27T06:57:08.000Z",
      "type": "CustomSite"
    },
    {
      "createdById": "0055g00000BDNwlAAH",
      "createdByName": "Megha Mane",
      "createdDate": "2021-07-23T14:51:54.000Z",
      "fileName": "sites/MahaMetroLink.site",
      "fullName": "MahaMetroLink",
      "id": "0DM5g0000004iBeGAI",
      "lastModifiedById": "0055g00000BDNwlAAH",
      "lastModifiedByName": "Megha Mane",
      "lastModifiedDate": "2021-07-23T14:51:57.000Z",
      "type": "CustomSite"
    }
  ]
}
