{
  "status": 0,
  "result": [
    {
      "createdById": "0055g00000Bb4ZNAAZ",
      "createdByName": "Automated Process",
      "createdDate": "2021-07-17T12:27:40.000Z",
      "fileName": "entitlementProcesses/standard case.entitlementProcess",
      "fullName": "standard case",
      "id": "5525g000000uOXbAAM",
      "lastModifiedById": "0055g00000Bb4ZNAAZ",
      "lastModifiedByName": "Automated Process",
      "lastModifiedDate": "2021-07-17T12:27:40.000Z",
      "type": "EntitlementProcess"
    },
    {
      "createdById": "0055g00000BDNwlAAH",
      "createdByName": "Megha Mane",
      "createdDate": "2021-07-25T13:58:26.000Z",
      "fileName": "entitlementProcesses/metro support process.entitlementProcess",
      "fullName": "metro support process",
      "id": "5525g000000uXCfAAM",
      "lastModifiedById": "0055g00000BDNwlAAH",
      "lastModifiedByName": "Megha Mane",
      "lastModifiedDate": "2021-07-25T13:58:26.000Z",
      "type": "EntitlementProcess"
    }
  ]
}
