{
  "status": 0,
  "result": [
    {
      "createdById": "0055g00000BDuuxAAD",
      "createdByName": "Ashish Salunkhe",
      "createdDate": "2021-07-24T08:00:47.000Z",
      "fileName": "experiences/Customer_Support_Community1",
      "fullName": "Customer_Support_Community1",
      "id": "0DM5g0000004iBzGAI",
      "lastModifiedById": "0055g00000BDuuxAAD",
      "lastModifiedByName": "Ashish Salunkhe",
      "lastModifiedDate": "2021-07-24T10:43:54.000Z",
      "type": "ExperienceBundle"
    },
    {
      "createdById": "0055g00000BDuuxAAD",
      "createdByName": "Ashish Salunkhe",
      "createdDate": "2021-07-24T10:29:39.000Z",
      "fileName": "experiences/MahaMetroLinkPune1",
      "fullName": "MahaMetroLinkPune1",
      "id": "0DM5g0000004iGHGAY",
      "lastModifiedById": "0055g00000BDNwlAAH",
      "lastModifiedByName": "Megha Mane",
      "lastModifiedDate": "2021-07-27T06:57:08.000Z",
      "type": "ExperienceBundle"
    },
    {
      "createdById": "0055g00000BDNwlAAH",
      "createdByName": "Megha Mane",
      "createdDate": "2021-07-23T14:51:58.000Z",
      "fileName": "experiences/MahaMetroLink1",
      "fullName": "MahaMetroLink1",
      "id": "0DM5g0000004iBfGAI",
      "lastModifiedById": "0055g00000BDNwlAAH",
      "lastModifiedByName": "Megha Mane",
      "lastModifiedDate": "2021-07-23T14:52:39.000Z",
      "type": "ExperienceBundle"
    }
  ]
}
