{
  "status": 0,
  "result": [
    {
      "createdById": "0055g00000BDNwlAAH",
      "createdByName": "Megha Mane",
      "createdDate": "2021-07-25T15:41:29.000Z",
      "fileName": "flows/Automated_Tasks.flow",
      "fullName": "Automated_Tasks",
      "id": "3015g000000dPS3AAM",
      "lastModifiedById": "0055g00000BDNwlAAH",
      "lastModifiedByName": "Megha Mane",
      "lastModifiedDate": "2021-07-25T15:41:38.000Z",
      "manageableState": "unmanaged",
      "type": "Flow"
    },
    {
      "createdById": "0055g00000BDNwlAAH",
      "createdByName": "Megha Mane",
      "createdDate": "2021-08-01T10:17:03.000Z",
      "fileName": "flows/MetroWalletBalance.flow",
      "fullName": "MetroWalletBalance",
      "id": "3015g000000dVBUAA2",
      "lastModifiedById": "0055g00000BDNwlAAH",
      "lastModifiedByName": "Megha Mane",
      "lastModifiedDate": "2021-08-01T10:30:30.000Z",
      "manageableState": "unmanaged",
      "type": "Flow"
    }
  ]
}
