{
  "status": 0,
  "result": [
    {
      "createdById": "0055g00000BDNwlAAH",
      "createdByName": "Megha Mane",
      "createdDate": "2021-07-26T09:21:26.000Z",
      "fileName": "lwc/displayRestaurants",
      "fullName": "displayRestaurants",
      "id": "0Rb5g000000JUrDCAW",
      "lastModifiedById": "0055g00000BDNwlAAH",
      "lastModifiedByName": "Megha Mane",
      "lastModifiedDate": "2021-07-29T07:15:39.000Z",
      "manageableState": "unmanaged",
      "type": "LightningComponentBundle"
    },
    {
      "createdById": "0055g00000BDNwlAAH",
      "createdByName": "Megha Mane",
      "createdDate": "2021-07-26T09:21:26.000Z",
      "fileName": "lwc/searchLocation",
      "fullName": "searchLocation",
      "id": "0Rb5g000000JUrFCAW",
      "lastModifiedById": "0055g00000BDNwlAAH",
      "lastModifiedByName": "Megha Mane",
      "lastModifiedDate": "2021-07-29T06:01:32.000Z",
      "manageableState": "unmanaged",
      "type": "LightningComponentBundle"
    },
    {
      "createdById": "0055g00000BDNwlAAH",
      "createdByName": "Megha Mane",
      "createdDate": "2021-07-26T10:11:46.000Z",
      "fileName": "lwc/filterRestaurant",
      "fullName": "filterRestaurant",
      "id": "0Rb5g000000JV7kCAG",
      "lastModifiedById": "0055g00000BDNwlAAH",
      "lastModifiedByName": "Megha Mane",
      "lastModifiedDate": "2021-07-26T16:04:51.000Z",
      "manageableState": "unmanaged",
      "type": "LightningComponentBundle"
    },
    {
      "createdById": "0055g00000BDNwlAAH",
      "createdByName": "Megha Mane",
      "createdDate": "2021-07-26T09:21:26.000Z",
      "fileName": "lwc/pubsub",
      "fullName": "pubsub",
      "id": "0Rb5g000000JUrECAW",
      "lastModifiedById": "0055g00000BDNwlAAH",
      "lastModifiedByName": "Megha Mane",
      "lastModifiedDate": "2021-07-26T16:04:51.000Z",
      "manageableState": "unmanaged",
      "type": "LightningComponentBundle"
    },
    {
      "createdById": "0055g00000BDNwlAAH",
      "createdByName": "Megha Mane",
      "createdDate": "2021-07-25T12:08:32.000Z",
      "fileName": "lwc/contactCustomerSupport",
      "fullName": "contactCustomerSupport",
      "id": "0Rb5g000000JTn3CAG",
      "lastModifiedById": "0055g00000BDNwlAAH",
      "lastModifiedByName": "Megha Mane",
      "lastModifiedDate": "2021-07-26T16:04:51.000Z",
      "manageableState": "unmanaged",
      "type": "LightningComponentBundle"
    },
    {
      "createdById": "0055g00000BDNwlAAH",
      "createdByName": "Megha Mane",
      "createdDate": "2021-08-01T06:44:44.000Z",
      "fileName": "lwc/metroPassForm",
      "fullName": "metroPassForm",
      "id": "0Rb5g000000Jc0ECAS",
      "lastModifiedById": "0055g00000BDNwlAAH",
      "lastModifiedByName": "Megha Mane",
      "lastModifiedDate": "2021-08-01T06:48:22.000Z",
      "manageableState": "unmanaged",
      "type": "LightningComponentBundle"
    }
  ]
}
