{
  "status": 0,
  "result": [
    {
      "createdById": "0055g00000BDNwlAAH",
      "createdByName": "Megha Mane",
      "createdDate": "2021-07-26T18:07:20.000Z",
      "fileName": "permissionsets/et4ae5__DMTracking.permissionset",
      "fullName": "et4ae5__DMTracking",
      "id": "0PS5g000005mbAoGAI",
      "lastModifiedById": "0055g00000BDNwlAAH",
      "lastModifiedByName": "Megha Mane",
      "lastModifiedDate": "2021-08-01T10:26:21.000Z",
      "manageableState": "installed",
      "namespacePrefix": "et4ae5",
      "type": "PermissionSet"
    },
    {
      "createdById": "0055g00000BDuuxAAD",
      "createdByName": "Ashish Salunkhe",
      "createdDate": "2021-07-24T07:54:40.000Z",
      "fileName": "permissionsets/MahaMetro_Customer_Support_Site.permissionset",
      "fullName": "MahaMetro_Customer_Support_Site",
      "id": "0PS5g000005mUwUGAU",
      "lastModifiedById": "0055g00000BDNwlAAH",
      "lastModifiedByName": "Megha Mane",
      "lastModifiedDate": "2021-08-01T10:26:21.000Z",
      "manageableState": "unmanaged",
      "type": "PermissionSet"
    },
    {
      "createdById": "0055g00000BDNwlAAH",
      "createdByName": "Megha Mane",
      "createdDate": "2021-07-26T18:07:20.000Z",
      "fileName": "permissionsets/et4ae5__ExactTarget_Integration.permissionset",
      "fullName": "et4ae5__ExactTarget_Integration",
      "id": "0PS5g000005mbApGAI",
      "lastModifiedById": "0055g00000BDNwlAAH",
      "lastModifiedByName": "Megha Mane",
      "lastModifiedDate": "2021-08-01T10:26:21.000Z",
      "manageableState": "installed",
      "namespacePrefix": "et4ae5",
      "type": "PermissionSet"
    },
    {
      "createdById": "0055g00000BDNwlAAH",
      "createdByName": "Megha Mane",
      "createdDate": "2021-07-26T18:07:21.000Z",
      "fileName": "permissionsets/et4ae5__ExactTarget_Integration_Admin.permissionset",
      "fullName": "et4ae5__ExactTarget_Integration_Admin",
      "id": "0PS5g000005mbAqGAI",
      "lastModifiedById": "0055g00000BDNwlAAH",
      "lastModifiedByName": "Megha Mane",
      "lastModifiedDate": "2021-08-01T10:26:21.000Z",
      "manageableState": "installed",
      "namespacePrefix": "et4ae5",
      "type": "PermissionSet"
    },
    {
      "createdById": "0055g00000BDNwlAAH",
      "createdByName": "Megha Mane",
      "createdDate": "2021-07-26T18:07:22.000Z",
      "fileName": "permissionsets/et4ae5__Marketing_Cloud_Connector_Partner_Community_User.permissionset",
      "fullName": "et4ae5__Marketing_Cloud_Connector_Partner_Community_User",
      "id": "0PS5g000005mbArGAI",
      "lastModifiedById": "0055g00000BDNwlAAH",
      "lastModifiedByName": "Megha Mane",
      "lastModifiedDate": "2021-08-01T10:26:21.000Z",
      "manageableState": "installed",
      "namespacePrefix": "et4ae5",
      "type": "PermissionSet"
    },
    {
      "createdById": "0055g00000Bb4ZNAAZ",
      "createdByName": "Automated Process",
      "createdDate": "2021-07-27T09:35:32.000Z",
      "fileName": "permissionsets/sfdc_chatbot_service_permset.permissionset",
      "fullName": "sfdc_chatbot_service_permset",
      "id": "0PS5g000005mdxFGAQ",
      "lastModifiedById": "0055g00000BDNwlAAH",
      "lastModifiedByName": "Megha Mane",
      "lastModifiedDate": "2021-08-01T10:26:21.000Z",
      "manageableState": "unmanaged",
      "type": "PermissionSet"
    },
    {
      "createdById": "0055g00000BDuuxAAD",
      "createdByName": "Ashish Salunkhe",
      "createdDate": "2021-07-24T07:46:17.000Z",
      "fileName": "permissionsets/Knowledge_LSF_Permission_Set.permissionset",
      "fullName": "Knowledge_LSF_Permission_Set",
      "id": "0PS5g000005mUvcGAE",
      "lastModifiedById": "0055g00000BDNwlAAH",
      "lastModifiedByName": "Megha Mane",
      "lastModifiedDate": "2021-08-01T10:26:21.000Z",
      "manageableState": "unmanaged",
      "type": "PermissionSet"
    },
    {
      "createdById": "0055g00000BDNwlAAH",
      "createdByName": "Megha Mane",
      "createdDate": "2021-07-26T18:07:23.000Z",
      "fileName": "permissionsets/et4ae5__Marketing_Cloud_System_User.permissionset",
      "fullName": "et4ae5__Marketing_Cloud_System_User",
      "id": "0PS5g000005mbAsGAI",
      "lastModifiedById": "0055g00000BDNwlAAH",
      "lastModifiedByName": "Megha Mane",
      "lastModifiedDate": "2021-08-01T10:26:21.000Z",
      "manageableState": "installed",
      "namespacePrefix": "et4ae5",
      "type": "PermissionSet"
    },
    {
      "createdById": "0055g00000BDNwlAAH",
      "createdByName": "Megha Mane",
      "createdDate": "2021-07-24T04:57:32.000Z",
      "fileName": "permissionsets/Live_Agent_Setup_Flow.permissionset",
      "fullName": "Live_Agent_Setup_Flow",
      "id": "0PS5g000005mUdPGAU",
      "lastModifiedById": "0055g00000BDNwlAAH",
      "lastModifiedByName": "Megha Mane",
      "lastModifiedDate": "2021-08-01T10:26:21.000Z",
      "manageableState": "unmanaged",
      "type": "PermissionSet"
    }
  ]
}
