{
  "status": 0,
  "result": [
    {
      "createdById": "0055g00000BDNwlAAH",
      "createdByName": "Megha Mane",
      "createdDate": "2021-07-25T08:32:56.000Z",
      "fileName": "queues/Advanced_Cases.queue",
      "fullName": "Advanced_Cases",
      "id": "00G5g000000e7l9EAA",
      "lastModifiedById": "0055g00000BDNwlAAH",
      "lastModifiedByName": "Megha Mane",
      "lastModifiedDate": "2021-07-28T04:02:51.000Z",
      "type": "Queue"
    },
    {
      "createdById": "0055g00000BDNwlAAH",
      "createdByName": "Megha Mane",
      "createdDate": "2021-07-25T08:32:01.000Z",
      "fileName": "queues/Basic_Cases.queue",
      "fullName": "Basic_Cases",
      "id": "00G5g000000e7l4EAA",
      "lastModifiedById": "0055g00000BDNwlAAH",
      "lastModifiedByName": "Megha Mane",
      "lastModifiedDate": "2021-07-28T04:01:43.000Z",
      "type": "Queue"
    },
    {
      "createdById": "0055g00000BDNwlAAH",
      "createdByName": "Megha Mane",
      "createdDate": "2021-07-27T09:20:33.000Z",
      "fileName": "queues/FAQs.queue",
      "fullName": "FAQs",
      "id": "00G5g000000e8x0EAA",
      "lastModifiedById": "0055g00000BDNwlAAH",
      "lastModifiedByName": "Megha Mane",
      "lastModifiedDate": "2021-07-27T09:20:33.000Z",
      "type": "Queue"
    },
    {
      "createdById": "0055g00000BDNwlAAH",
      "createdByName": "Megha Mane",
      "createdDate": "2021-07-24T04:57:33.000Z",
      "fileName": "queues/Chats.queue",
      "fullName": "Chats",
      "id": "00G5g000000e7R9EAI",
      "lastModifiedById": "0055g00000BDNwlAAH",
      "lastModifiedByName": "Megha Mane",
      "lastModifiedDate": "2021-07-24T04:57:33.000Z",
      "type": "Queue"
    }
  ]
}
