{
  "status": 0,
  "result": [
    {
      "createdById": "0055g00000BDNwlAAH",
      "createdByName": "Megha Mane",
      "createdDate": "2021-07-26T18:07:25.000Z",
      "fileName": "remoteSiteSettings/et4ae5__PrdSup_Rest.remoteSite",
      "fullName": "et4ae5__PrdSup_Rest",
      "id": "0rp5g0000004N41AAE",
      "lastModifiedById": "0055g00000BDNwlAAH",
      "lastModifiedByName": "Megha Mane",
      "lastModifiedDate": "2021-07-26T18:07:25.000Z",
      "manageableState": "installed",
      "namespacePrefix": "et4ae5",
      "type": "RemoteSiteSetting"
    },
    {
      "createdById": "0055g00000BDNwlAAH",
      "createdByName": "Megha Mane",
      "createdDate": "2021-07-26T18:07:25.000Z",
      "fileName": "remoteSiteSettings/et4ae5__S12_Rest.remoteSite",
      "fullName": "et4ae5__S12_Rest",
      "id": "0rp5g0000004N4AAAU",
      "lastModifiedById": "0055g00000BDNwlAAH",
      "lastModifiedByName": "Megha Mane",
      "lastModifiedDate": "2021-07-26T18:07:25.000Z",
      "manageableState": "installed",
      "namespacePrefix": "et4ae5",
      "type": "RemoteSiteSetting"
    },
    {
      "createdById": "0055g00000BDNwlAAH",
      "createdByName": "Megha Mane",
      "createdDate": "2021-07-26T18:07:25.000Z",
      "fileName": "remoteSiteSettings/et4ae5__S8_Auth.remoteSite",
      "fullName": "et4ae5__S8_Auth",
      "id": "0rp5g0000004N4TAAU",
      "lastModifiedById": "0055g00000BDNwlAAH",
      "lastModifiedByName": "Megha Mane",
      "lastModifiedDate": "2021-07-26T18:07:25.000Z",
      "manageableState": "installed",
      "namespacePrefix": "et4ae5",
      "type": "RemoteSiteSetting"
    },
    {
      "createdById": "0055g00000BDNwlAAH",
      "createdByName": "Megha Mane",
      "createdDate": "2021-07-26T18:07:25.000Z",
      "fileName": "remoteSiteSettings/et4ae5__S4_Rest.remoteSite",
      "fullName": "et4ae5__S4_Rest",
      "id": "0rp5g0000004N4GAAU",
      "lastModifiedById": "0055g00000BDNwlAAH",
      "lastModifiedByName": "Megha Mane",
      "lastModifiedDate": "2021-07-26T18:07:25.000Z",
      "manageableState": "installed",
      "namespacePrefix": "et4ae5",
      "type": "RemoteSiteSetting"
    },
    {
      "createdById": "0055g00000BDNwlAAH",
      "createdByName": "Megha Mane",
      "createdDate": "2021-07-17T12:25:32.000Z",
      "fileName": "remoteSiteSettings/ApexDevNet.remoteSite",
      "fullName": "ApexDevNet",
      "id": "0rp5g000001LL4vAAG",
      "lastModifiedById": "0055g00000BDNwlAAH",
      "lastModifiedByName": "Megha Mane",
      "lastModifiedDate": "2021-07-17T12:25:32.000Z",
      "manageableState": "unmanaged",
      "type": "RemoteSiteSetting"
    },
    {
      "createdById": "0055g00000BDNwlAAH",
      "createdByName": "Megha Mane",
      "createdDate": "2021-07-26T18:07:24.000Z",
      "fileName": "remoteSiteSettings/et4ae5__ET_IMH_REST_s12.remoteSite",
      "fullName": "et4ae5__ET_IMH_REST_s12",
      "id": "0rp5g0000004N3eAAE",
      "lastModifiedById": "0055g00000BDNwlAAH",
      "lastModifiedByName": "Megha Mane",
      "lastModifiedDate": "2021-07-26T18:07:24.000Z",
      "manageableState": "installed",
      "namespacePrefix": "et4ae5",
      "type": "RemoteSiteSetting"
    },
    {
      "createdById": "0055g00000BDNwlAAH",
      "createdByName": "Megha Mane",
      "createdDate": "2021-07-26T18:07:24.000Z",
      "fileName": "remoteSiteSettings/et4ae5__ET_IMH_REST_s4.remoteSite",
      "fullName": "et4ae5__ET_IMH_REST_s4",
      "id": "0rp5g0000004N3gAAE",
      "lastModifiedById": "0055g00000BDNwlAAH",
      "lastModifiedByName": "Megha Mane",
      "lastModifiedDate": "2021-07-26T18:07:24.000Z",
      "manageableState": "installed",
      "namespacePrefix": "et4ae5",
      "type": "RemoteSiteSetting"
    },
    {
      "createdById": "0055g00000BDNwlAAH",
      "createdByName": "Megha Mane",
      "createdDate": "2021-07-26T18:07:24.000Z",
      "fileName": "remoteSiteSettings/et4ae5__ET_IMH_REST_s11.remoteSite",
      "fullName": "et4ae5__ET_IMH_REST_s11",
      "id": "0rp5g0000004N3dAAE",
      "lastModifiedById": "0055g00000BDNwlAAH",
      "lastModifiedByName": "Megha Mane",
      "lastModifiedDate": "2021-07-26T18:07:24.000Z",
      "manageableState": "installed",
      "namespacePrefix": "et4ae5",
      "type": "RemoteSiteSetting"
    },
    {
      "createdById": "0055g00000BDNwlAAH",
      "createdByName": "Megha Mane",
      "createdDate": "2021-07-26T18:07:24.000Z",
      "fileName": "remoteSiteSettings/et4ae5__ET_MC_REST_S12.remoteSite",
      "fullName": "et4ae5__ET_MC_REST_S12",
      "id": "0rp5g0000004N3lAAE",
      "lastModifiedById": "0055g00000BDNwlAAH",
      "lastModifiedByName": "Megha Mane",
      "lastModifiedDate": "2021-07-26T18:07:24.000Z",
      "manageableState": "installed",
      "namespacePrefix": "et4ae5",
      "type": "RemoteSiteSetting"
    },
    {
      "createdById": "0055g00000BDNwlAAH",
      "createdByName": "Megha Mane",
      "createdDate": "2021-07-26T18:07:25.000Z",
      "fileName": "remoteSiteSettings/et4ae5__Fuel_API.remoteSite",
      "fullName": "et4ae5__Fuel_API",
      "id": "0rp5g0000004N3vAAE",
      "lastModifiedById": "0055g00000BDNwlAAH",
      "lastModifiedByName": "Megha Mane",
      "lastModifiedDate": "2021-07-26T18:07:25.000Z",
      "manageableState": "installed",
      "namespacePrefix": "et4ae5",
      "type": "RemoteSiteSetting"
    },
    {
      "createdById": "0055g00000BDNwlAAH",
      "createdByName": "Megha Mane",
      "createdDate": "2021-07-26T18:07:25.000Z",
      "fileName": "remoteSiteSettings/et4ae5__PrdSup_Login.remoteSite",
      "fullName": "et4ae5__PrdSup_Login",
      "id": "0rp5g0000004N40AAE",
      "lastModifiedById": "0055g00000BDNwlAAH",
      "lastModifiedByName": "Megha Mane",
      "lastModifiedDate": "2021-07-26T18:07:25.000Z",
      "manageableState": "installed",
      "namespacePrefix": "et4ae5",
      "type": "RemoteSiteSetting"
    },
    {
      "createdById": "0055g00000BDNwlAAH",
      "createdByName": "Megha Mane",
      "createdDate": "2021-07-26T18:07:24.000Z",
      "fileName": "remoteSiteSettings/et4ae5__ET_IMH_REST_s50.remoteSite",
      "fullName": "et4ae5__ET_IMH_REST_s50",
      "id": "0rp5g0000004N3hAAE",
      "lastModifiedById": "0055g00000BDNwlAAH",
      "lastModifiedByName": "Megha Mane",
      "lastModifiedDate": "2021-07-26T18:07:24.000Z",
      "manageableState": "installed",
      "namespacePrefix": "et4ae5",
      "type": "RemoteSiteSetting"
    },
    {
      "createdById": "0055g00000BDNwlAAH",
      "createdByName": "Megha Mane",
      "createdDate": "2021-07-26T18:07:24.000Z",
      "fileName": "remoteSiteSettings/et4ae5__ET_MC_REST_PrdSup.remoteSite",
      "fullName": "et4ae5__ET_MC_REST_PrdSup",
      "id": "0rp5g0000004N3jAAE",
      "lastModifiedById": "0055g00000BDNwlAAH",
      "lastModifiedByName": "Megha Mane",
      "lastModifiedDate": "2021-07-26T18:07:24.000Z",
      "manageableState": "installed",
      "namespacePrefix": "et4ae5",
      "type": "RemoteSiteSetting"
    },
    {
      "createdById": "0055g00000BDNwlAAH",
      "createdByName": "Megha Mane",
      "createdDate": "2021-07-26T18:07:25.000Z",
      "fileName": "remoteSiteSettings/et4ae5__S5_Rest.remoteSite",
      "fullName": "et4ae5__S5_Rest",
      "id": "0rp5g0000004N4LAAU",
      "lastModifiedById": "0055g00000BDNwlAAH",
      "lastModifiedByName": "Megha Mane",
      "lastModifiedDate": "2021-07-26T18:07:25.000Z",
      "manageableState": "installed",
      "namespacePrefix": "et4ae5",
      "type": "RemoteSiteSetting"
    },
    {
      "createdById": "0055g00000BDNwlAAH",
      "createdByName": "Megha Mane",
      "createdDate": "2021-07-26T18:07:25.000Z",
      "fileName": "remoteSiteSettings/et4ae5__ET_MC_REST_s8.remoteSite",
      "fullName": "et4ae5__ET_MC_REST_s8",
      "id": "0rp5g0000004N3tAAE",
      "lastModifiedById": "0055g00000BDNwlAAH",
      "lastModifiedByName": "Megha Mane",
      "lastModifiedDate": "2021-07-26T18:07:25.000Z",
      "manageableState": "installed",
      "namespacePrefix": "et4ae5",
      "type": "RemoteSiteSetting"
    },
    {
      "createdById": "0055g00000BDNwlAAH",
      "createdByName": "Megha Mane",
      "createdDate": "2021-07-26T18:07:25.000Z",
      "fileName": "remoteSiteSettings/et4ae5__S11_Rest.remoteSite",
      "fullName": "et4ae5__S11_Rest",
      "id": "0rp5g0000004N47AAE",
      "lastModifiedById": "0055g00000BDNwlAAH",
      "lastModifiedByName": "Megha Mane",
      "lastModifiedDate": "2021-07-26T18:07:25.000Z",
      "manageableState": "installed",
      "namespacePrefix": "et4ae5",
      "type": "RemoteSiteSetting"
    },
    {
      "createdById": "0055g00000BDNwlAAH",
      "createdByName": "Megha Mane",
      "createdDate": "2021-07-26T18:07:25.000Z",
      "fileName": "remoteSiteSettings/et4ae5__S11_Soap.remoteSite",
      "fullName": "et4ae5__S11_Soap",
      "id": "0rp5g0000004N48AAE",
      "lastModifiedById": "0055g00000BDNwlAAH",
      "lastModifiedByName": "Megha Mane",
      "lastModifiedDate": "2021-07-26T18:07:25.000Z",
      "manageableState": "installed",
      "namespacePrefix": "et4ae5",
      "type": "RemoteSiteSetting"
    },
    {
      "createdById": "0055g00000BDNwlAAH",
      "createdByName": "Megha Mane",
      "createdDate": "2021-07-26T18:07:25.000Z",
      "fileName": "remoteSiteSettings/et4ae5__S6_Soap.remoteSite",
      "fullName": "et4ae5__S6_Soap",
      "id": "0rp5g0000004N4PAAU",
      "lastModifiedById": "0055g00000BDNwlAAH",
      "lastModifiedByName": "Megha Mane",
      "lastModifiedDate": "2021-07-26T18:07:25.000Z",
      "manageableState": "installed",
      "namespacePrefix": "et4ae5",
      "type": "RemoteSiteSetting"
    },
    {
      "createdById": "0055g00000BDNwlAAH",
      "createdByName": "Megha Mane",
      "createdDate": "2021-07-26T18:07:24.000Z",
      "fileName": "remoteSiteSettings/et4ae5__ET_MC_REST_s10.remoteSite",
      "fullName": "et4ae5__ET_MC_REST_s10",
      "id": "0rp5g0000004N3nAAE",
      "lastModifiedById": "0055g00000BDNwlAAH",
      "lastModifiedByName": "Megha Mane",
      "lastModifiedDate": "2021-07-26T18:07:24.000Z",
      "manageableState": "installed",
      "namespacePrefix": "et4ae5",
      "type": "RemoteSiteSetting"
    },
    {
      "createdById": "0055g00000BDNwlAAH",
      "createdByName": "Megha Mane",
      "createdDate": "2021-07-26T18:07:25.000Z",
      "fileName": "remoteSiteSettings/et4ae5__s50_Rest.remoteSite",
      "fullName": "et4ae5__s50_Rest",
      "id": "0rp5g0000004N4WAAU",
      "lastModifiedById": "0055g00000BDNwlAAH",
      "lastModifiedByName": "Megha Mane",
      "lastModifiedDate": "2021-07-26T18:07:25.000Z",
      "manageableState": "installed",
      "namespacePrefix": "et4ae5",
      "type": "RemoteSiteSetting"
    },
    {
      "createdById": "0055g00000BDNwlAAH",
      "createdByName": "Megha Mane",
      "createdDate": "2021-07-26T07:20:57.000Z",
      "fileName": "remoteSiteSettings/Zomato.remoteSite",
      "fullName": "Zomato",
      "id": "0rp5g0000004N0RAAU",
      "lastModifiedById": "0055g00000BDNwlAAH",
      "lastModifiedByName": "Megha Mane",
      "lastModifiedDate": "2021-07-26T07:20:57.000Z",
      "manageableState": "unmanaged",
      "type": "RemoteSiteSetting"
    },
    {
      "createdById": "0055g00000BDNwlAAH",
      "createdByName": "Megha Mane",
      "createdDate": "2021-07-26T18:07:25.000Z",
      "fileName": "remoteSiteSettings/et4ae5__OAuth_Login.remoteSite",
      "fullName": "et4ae5__OAuth_Login",
      "id": "0rp5g0000004N3xAAE",
      "lastModifiedById": "0055g00000BDNwlAAH",
      "lastModifiedByName": "Megha Mane",
      "lastModifiedDate": "2021-07-26T18:07:25.000Z",
      "manageableState": "installed",
      "namespacePrefix": "et4ae5",
      "type": "RemoteSiteSetting"
    },
    {
      "createdById": "0055g00000BDNwlAAH",
      "createdByName": "Megha Mane",
      "createdDate": "2021-07-26T18:07:25.000Z",
      "fileName": "remoteSiteSettings/et4ae5__S50_Auth.remoteSite",
      "fullName": "et4ae5__S50_Auth",
      "id": "0rp5g0000004N4IAAU",
      "lastModifiedById": "0055g00000BDNwlAAH",
      "lastModifiedByName": "Megha Mane",
      "lastModifiedDate": "2021-07-26T18:07:25.000Z",
      "manageableState": "installed",
      "namespacePrefix": "et4ae5",
      "type": "RemoteSiteSetting"
    },
    {
      "createdById": "0055g00000BDNwlAAH",
      "createdByName": "Megha Mane",
      "createdDate": "2021-07-26T18:07:25.000Z",
      "fileName": "remoteSiteSettings/et4ae5__ET_MC_REST_s6.remoteSite",
      "fullName": "et4ae5__ET_MC_REST_s6",
      "id": "0rp5g0000004N3rAAE",
      "lastModifiedById": "0055g00000BDNwlAAH",
      "lastModifiedByName": "Megha Mane",
      "lastModifiedDate": "2021-07-26T18:07:25.000Z",
      "manageableState": "installed",
      "namespacePrefix": "et4ae5",
      "type": "RemoteSiteSetting"
    },
    {
      "createdById": "0055g00000BDNwlAAH",
      "createdByName": "Megha Mane",
      "createdDate": "2021-07-26T18:07:25.000Z",
      "fileName": "remoteSiteSettings/et4ae5__S10_Soap.remoteSite",
      "fullName": "et4ae5__S10_Soap",
      "id": "0rp5g0000004N45AAE",
      "lastModifiedById": "0055g00000BDNwlAAH",
      "lastModifiedByName": "Megha Mane",
      "lastModifiedDate": "2021-07-26T18:07:25.000Z",
      "manageableState": "installed",
      "namespacePrefix": "et4ae5",
      "type": "RemoteSiteSetting"
    },
    {
      "createdById": "0055g00000BDNwlAAH",
      "createdByName": "Megha Mane",
      "createdDate": "2021-07-26T18:07:25.000Z",
      "fileName": "remoteSiteSettings/et4ae5__PrdSup_Fuel_API.remoteSite",
      "fullName": "et4ae5__PrdSup_Fuel_API",
      "id": "0rp5g0000004N3zAAE",
      "lastModifiedById": "0055g00000BDNwlAAH",
      "lastModifiedByName": "Megha Mane",
      "lastModifiedDate": "2021-07-26T18:07:25.000Z",
      "manageableState": "installed",
      "namespacePrefix": "et4ae5",
      "type": "RemoteSiteSetting"
    },
    {
      "createdById": "0055g00000BDNwlAAH",
      "createdByName": "Megha Mane",
      "createdDate": "2021-07-26T18:07:25.000Z",
      "fileName": "remoteSiteSettings/et4ae5__ET_SOAP.remoteSite",
      "fullName": "et4ae5__ET_SOAP",
      "id": "0rp5g0000004N3uAAE",
      "lastModifiedById": "0055g00000BDNwlAAH",
      "lastModifiedByName": "Megha Mane",
      "lastModifiedDate": "2021-07-26T18:07:25.000Z",
      "manageableState": "installed",
      "namespacePrefix": "et4ae5",
      "type": "RemoteSiteSetting"
    },
    {
      "createdById": "0055g00000BDNwlAAH",
      "createdByName": "Megha Mane",
      "createdDate": "2021-07-26T18:07:25.000Z",
      "fileName": "remoteSiteSettings/et4ae5__S7_Auth.remoteSite",
      "fullName": "et4ae5__S7_Auth",
      "id": "0rp5g0000004N4QAAU",
      "lastModifiedById": "0055g00000BDNwlAAH",
      "lastModifiedByName": "Megha Mane",
      "lastModifiedDate": "2021-07-26T18:07:25.000Z",
      "manageableState": "installed",
      "namespacePrefix": "et4ae5",
      "type": "RemoteSiteSetting"
    },
    {
      "createdById": "0055g00000BDNwlAAH",
      "createdByName": "Megha Mane",
      "createdDate": "2021-07-26T18:07:24.000Z",
      "fileName": "remoteSiteSettings/et4ae5__ET_IMH_REST_s6.remoteSite",
      "fullName": "et4ae5__ET_IMH_REST_s6",
      "id": "0rp5g0000004N3iAAE",
      "lastModifiedById": "0055g00000BDNwlAAH",
      "lastModifiedByName": "Megha Mane",
      "lastModifiedDate": "2021-07-26T18:07:24.000Z",
      "manageableState": "installed",
      "namespacePrefix": "et4ae5",
      "type": "RemoteSiteSetting"
    },
    {
      "createdById": "0055g00000BDNwlAAH",
      "createdByName": "Megha Mane",
      "createdDate": "2021-07-26T18:07:25.000Z",
      "fileName": "remoteSiteSettings/et4ae5__S1_Soap.remoteSite",
      "fullName": "et4ae5__S1_Soap",
      "id": "0rp5g0000004N4EAAU",
      "lastModifiedById": "0055g00000BDNwlAAH",
      "lastModifiedByName": "Megha Mane",
      "lastModifiedDate": "2021-07-26T18:07:25.000Z",
      "manageableState": "installed",
      "namespacePrefix": "et4ae5",
      "type": "RemoteSiteSetting"
    },
    {
      "createdById": "0055g00000BDNwlAAH",
      "createdByName": "Megha Mane",
      "createdDate": "2021-07-26T18:07:24.000Z",
      "fileName": "remoteSiteSettings/et4ae5__ET_IMH_REST_PrdSup.remoteSite",
      "fullName": "et4ae5__ET_IMH_REST_PrdSup",
      "id": "0rp5g0000004N3aAAE",
      "lastModifiedById": "0055g00000BDNwlAAH",
      "lastModifiedByName": "Megha Mane",
      "lastModifiedDate": "2021-07-26T18:07:24.000Z",
      "manageableState": "installed",
      "namespacePrefix": "et4ae5",
      "type": "RemoteSiteSetting"
    },
    {
      "createdById": "0055g00000BDNwlAAH",
      "createdByName": "Megha Mane",
      "createdDate": "2021-07-26T18:07:25.000Z",
      "fileName": "remoteSiteSettings/et4ae5__ET_MC_REST_s7.remoteSite",
      "fullName": "et4ae5__ET_MC_REST_s7",
      "id": "0rp5g0000004N3sAAE",
      "lastModifiedById": "0055g00000BDNwlAAH",
      "lastModifiedByName": "Megha Mane",
      "lastModifiedDate": "2021-07-26T18:07:25.000Z",
      "manageableState": "installed",
      "namespacePrefix": "et4ae5",
      "type": "RemoteSiteSetting"
    },
    {
      "createdById": "0055g00000BDNwlAAH",
      "createdByName": "Megha Mane",
      "createdDate": "2021-07-26T18:07:24.000Z",
      "fileName": "remoteSiteSettings/et4ae5__ET_MC_REST_S11.remoteSite",
      "fullName": "et4ae5__ET_MC_REST_S11",
      "id": "0rp5g0000004N3kAAE",
      "lastModifiedById": "0055g00000BDNwlAAH",
      "lastModifiedByName": "Megha Mane",
      "lastModifiedDate": "2021-07-26T18:07:24.000Z",
      "manageableState": "installed",
      "namespacePrefix": "et4ae5",
      "type": "RemoteSiteSetting"
    },
    {
      "createdById": "0055g00000BDNwlAAH",
      "createdByName": "Megha Mane",
      "createdDate": "2021-07-26T18:07:25.000Z",
      "fileName": "remoteSiteSettings/et4ae5__S6_Rest.remoteSite",
      "fullName": "et4ae5__S6_Rest",
      "id": "0rp5g0000004N4OAAU",
      "lastModifiedById": "0055g00000BDNwlAAH",
      "lastModifiedByName": "Megha Mane",
      "lastModifiedDate": "2021-07-26T18:07:25.000Z",
      "manageableState": "installed",
      "namespacePrefix": "et4ae5",
      "type": "RemoteSiteSetting"
    },
    {
      "createdById": "0055g00000BDNwlAAH",
      "createdByName": "Megha Mane",
      "createdDate": "2021-07-26T18:07:25.000Z",
      "fileName": "remoteSiteSettings/et4ae5__S12_Soap.remoteSite",
      "fullName": "et4ae5__S12_Soap",
      "id": "0rp5g0000004N4BAAU",
      "lastModifiedById": "0055g00000BDNwlAAH",
      "lastModifiedByName": "Megha Mane",
      "lastModifiedDate": "2021-07-26T18:07:25.000Z",
      "manageableState": "installed",
      "namespacePrefix": "et4ae5",
      "type": "RemoteSiteSetting"
    },
    {
      "createdById": "0055g00000BDNwlAAH",
      "createdByName": "Megha Mane",
      "createdDate": "2021-07-26T18:07:24.000Z",
      "fileName": "remoteSiteSettings/et4ae5__ET_IMH_REST_s1.remoteSite",
      "fullName": "et4ae5__ET_IMH_REST_s1",
      "id": "0rp5g0000004N3bAAE",
      "lastModifiedById": "0055g00000BDNwlAAH",
      "lastModifiedByName": "Megha Mane",
      "lastModifiedDate": "2021-07-26T18:07:24.000Z",
      "manageableState": "installed",
      "namespacePrefix": "et4ae5",
      "type": "RemoteSiteSetting"
    },
    {
      "createdById": "0055g00000BDNwlAAH",
      "createdByName": "Megha Mane",
      "createdDate": "2021-07-26T18:07:25.000Z",
      "fileName": "remoteSiteSettings/et4ae5__S10_Auth.remoteSite",
      "fullName": "et4ae5__S10_Auth",
      "id": "0rp5g0000004N43AAE",
      "lastModifiedById": "0055g00000BDNwlAAH",
      "lastModifiedByName": "Megha Mane",
      "lastModifiedDate": "2021-07-26T18:07:25.000Z",
      "manageableState": "installed",
      "namespacePrefix": "et4ae5",
      "type": "RemoteSiteSetting"
    },
    {
      "createdById": "0055g00000BDNwlAAH",
      "createdByName": "Megha Mane",
      "createdDate": "2021-07-26T18:07:25.000Z",
      "fileName": "remoteSiteSettings/et4ae5__S4_Auth.remoteSite",
      "fullName": "et4ae5__S4_Auth",
      "id": "0rp5g0000004N4FAAU",
      "lastModifiedById": "0055g00000BDNwlAAH",
      "lastModifiedByName": "Megha Mane",
      "lastModifiedDate": "2021-07-26T18:07:25.000Z",
      "manageableState": "installed",
      "namespacePrefix": "et4ae5",
      "type": "RemoteSiteSetting"
    },
    {
      "createdById": "0055g00000BDNwlAAH",
      "createdByName": "Megha Mane",
      "createdDate": "2021-07-26T18:07:25.000Z",
      "fileName": "remoteSiteSettings/et4ae5__ET_MC_REST_s50.remoteSite",
      "fullName": "et4ae5__ET_MC_REST_s50",
      "id": "0rp5g0000004N3qAAE",
      "lastModifiedById": "0055g00000BDNwlAAH",
      "lastModifiedByName": "Megha Mane",
      "lastModifiedDate": "2021-07-26T18:07:25.000Z",
      "manageableState": "installed",
      "namespacePrefix": "et4ae5",
      "type": "RemoteSiteSetting"
    },
    {
      "createdById": "0055g00000BDNwlAAH",
      "createdByName": "Megha Mane",
      "createdDate": "2021-07-26T18:07:25.000Z",
      "fileName": "remoteSiteSettings/et4ae5__ET_MC_REST_s4.remoteSite",
      "fullName": "et4ae5__ET_MC_REST_s4",
      "id": "0rp5g0000004N3pAAE",
      "lastModifiedById": "0055g00000BDNwlAAH",
      "lastModifiedByName": "Megha Mane",
      "lastModifiedDate": "2021-07-26T18:07:25.000Z",
      "manageableState": "installed",
      "namespacePrefix": "et4ae5",
      "type": "RemoteSiteSetting"
    },
    {
      "createdById": "0055g00000BDNwlAAH",
      "createdByName": "Megha Mane",
      "createdDate": "2021-07-26T18:07:25.000Z",
      "fileName": "remoteSiteSettings/et4ae5__S1_Rest.remoteSite",
      "fullName": "et4ae5__S1_Rest",
      "id": "0rp5g0000004N4DAAU",
      "lastModifiedById": "0055g00000BDNwlAAH",
      "lastModifiedByName": "Megha Mane",
      "lastModifiedDate": "2021-07-26T18:07:25.000Z",
      "manageableState": "installed",
      "namespacePrefix": "et4ae5",
      "type": "RemoteSiteSetting"
    },
    {
      "createdById": "0055g00000BDNwlAAH",
      "createdByName": "Megha Mane",
      "createdDate": "2021-07-26T18:07:25.000Z",
      "fileName": "remoteSiteSettings/et4ae5__S10_Rest.remoteSite",
      "fullName": "et4ae5__S10_Rest",
      "id": "0rp5g0000004N44AAE",
      "lastModifiedById": "0055g00000BDNwlAAH",
      "lastModifiedByName": "Megha Mane",
      "lastModifiedDate": "2021-07-26T18:07:25.000Z",
      "manageableState": "installed",
      "namespacePrefix": "et4ae5",
      "type": "RemoteSiteSetting"
    },
    {
      "createdById": "0055g00000BDNwlAAH",
      "createdByName": "Megha Mane",
      "createdDate": "2021-07-26T18:07:25.000Z",
      "fileName": "remoteSiteSettings/et4ae5__PrdSup_Soap.remoteSite",
      "fullName": "et4ae5__PrdSup_Soap",
      "id": "0rp5g0000004N42AAE",
      "lastModifiedById": "0055g00000BDNwlAAH",
      "lastModifiedByName": "Megha Mane",
      "lastModifiedDate": "2021-07-26T18:07:25.000Z",
      "manageableState": "installed",
      "namespacePrefix": "et4ae5",
      "type": "RemoteSiteSetting"
    },
    {
      "createdById": "0055g00000BDNwlAAH",
      "createdByName": "Megha Mane",
      "createdDate": "2021-07-26T18:07:25.000Z",
      "fileName": "remoteSiteSettings/et4ae5__S4_Soap.remoteSite",
      "fullName": "et4ae5__S4_Soap",
      "id": "0rp5g0000004N4HAAU",
      "lastModifiedById": "0055g00000BDNwlAAH",
      "lastModifiedByName": "Megha Mane",
      "lastModifiedDate": "2021-07-26T18:07:25.000Z",
      "manageableState": "installed",
      "namespacePrefix": "et4ae5",
      "type": "RemoteSiteSetting"
    },
    {
      "createdById": "0055g00000BDNwlAAH",
      "createdByName": "Megha Mane",
      "createdDate": "2021-07-26T18:07:24.000Z",
      "fileName": "remoteSiteSettings/et4ae5__ET_MC_REST_s1.remoteSite",
      "fullName": "et4ae5__ET_MC_REST_s1",
      "id": "0rp5g0000004N3mAAE",
      "lastModifiedById": "0055g00000BDNwlAAH",
      "lastModifiedByName": "Megha Mane",
      "lastModifiedDate": "2021-07-26T18:07:24.000Z",
      "manageableState": "installed",
      "namespacePrefix": "et4ae5",
      "type": "RemoteSiteSetting"
    },
    {
      "createdById": "0055g00000BDNwlAAH",
      "createdByName": "Megha Mane",
      "createdDate": "2021-07-26T18:07:25.000Z",
      "fileName": "remoteSiteSettings/et4ae5__S8_Soap.remoteSite",
      "fullName": "et4ae5__S8_Soap",
      "id": "0rp5g0000004N4VAAU",
      "lastModifiedById": "0055g00000BDNwlAAH",
      "lastModifiedByName": "Megha Mane",
      "lastModifiedDate": "2021-07-26T18:07:25.000Z",
      "manageableState": "installed",
      "namespacePrefix": "et4ae5",
      "type": "RemoteSiteSetting"
    },
    {
      "createdById": "0055g00000BDNwlAAH",
      "createdByName": "Megha Mane",
      "createdDate": "2021-07-26T18:07:25.000Z",
      "fileName": "remoteSiteSettings/et4ae5__Fuel_Auth_API.remoteSite",
      "fullName": "et4ae5__Fuel_Auth_API",
      "id": "0rp5g0000004N3wAAE",
      "lastModifiedById": "0055g00000BDNwlAAH",
      "lastModifiedByName": "Megha Mane",
      "lastModifiedDate": "2021-07-26T18:07:25.000Z",
      "manageableState": "installed",
      "namespacePrefix": "et4ae5",
      "type": "RemoteSiteSetting"
    },
    {
      "createdById": "0055g00000BDNwlAAH",
      "createdByName": "Megha Mane",
      "createdDate": "2021-07-26T18:07:24.000Z",
      "fileName": "remoteSiteSettings/et4ae5__ET_IMH_REST_s1_r.remoteSite",
      "fullName": "et4ae5__ET_IMH_REST_s1_r",
      "id": "0rp5g0000004N3fAAE",
      "lastModifiedById": "0055g00000BDNwlAAH",
      "lastModifiedByName": "Megha Mane",
      "lastModifiedDate": "2021-07-26T18:07:24.000Z",
      "manageableState": "installed",
      "namespacePrefix": "et4ae5",
      "type": "RemoteSiteSetting"
    },
    {
      "createdById": "0055g00000BDNwlAAH",
      "createdByName": "Megha Mane",
      "createdDate": "2021-07-27T05:36:09.000Z",
      "fileName": "remoteSiteSettings/MapPlotter_RemoteSite.remoteSite",
      "fullName": "MapPlotter_RemoteSite",
      "id": "0rp5g0000004N7IAAU",
      "lastModifiedById": "0055g00000BDNwlAAH",
      "lastModifiedByName": "Megha Mane",
      "lastModifiedDate": "2021-07-27T05:36:09.000Z",
      "manageableState": "unmanaged",
      "type": "RemoteSiteSetting"
    },
    {
      "createdById": "0055g00000BDNwlAAH",
      "createdByName": "Megha Mane",
      "createdDate": "2021-07-26T18:07:25.000Z",
      "fileName": "remoteSiteSettings/et4ae5__S12_Auth.remoteSite",
      "fullName": "et4ae5__S12_Auth",
      "id": "0rp5g0000004N49AAE",
      "lastModifiedById": "0055g00000BDNwlAAH",
      "lastModifiedByName": "Megha Mane",
      "lastModifiedDate": "2021-07-26T18:07:25.000Z",
      "manageableState": "installed",
      "namespacePrefix": "et4ae5",
      "type": "RemoteSiteSetting"
    },
    {
      "createdById": "0055g00000BDNwlAAH",
      "createdByName": "Megha Mane",
      "createdDate": "2021-07-26T18:07:25.000Z",
      "fileName": "remoteSiteSettings/et4ae5__S1_Auth.remoteSite",
      "fullName": "et4ae5__S1_Auth",
      "id": "0rp5g0000004N4CAAU",
      "lastModifiedById": "0055g00000BDNwlAAH",
      "lastModifiedByName": "Megha Mane",
      "lastModifiedDate": "2021-07-26T18:07:25.000Z",
      "manageableState": "installed",
      "namespacePrefix": "et4ae5",
      "type": "RemoteSiteSetting"
    },
    {
      "createdById": "0055g00000BDNwlAAH",
      "createdByName": "Megha Mane",
      "createdDate": "2021-07-26T18:07:25.000Z",
      "fileName": "remoteSiteSettings/et4ae5__S5_Auth.remoteSite",
      "fullName": "et4ae5__S5_Auth",
      "id": "0rp5g0000004N4KAAU",
      "lastModifiedById": "0055g00000BDNwlAAH",
      "lastModifiedByName": "Megha Mane",
      "lastModifiedDate": "2021-07-26T18:07:25.000Z",
      "manageableState": "installed",
      "namespacePrefix": "et4ae5",
      "type": "RemoteSiteSetting"
    },
    {
      "createdById": "0055g00000BDNwlAAH",
      "createdByName": "Megha Mane",
      "createdDate": "2021-07-26T18:07:24.000Z",
      "fileName": "remoteSiteSettings/et4ae5__ET_IMH_REST_s10.remoteSite",
      "fullName": "et4ae5__ET_IMH_REST_s10",
      "id": "0rp5g0000004N3cAAE",
      "lastModifiedById": "0055g00000BDNwlAAH",
      "lastModifiedByName": "Megha Mane",
      "lastModifiedDate": "2021-07-26T18:07:24.000Z",
      "manageableState": "installed",
      "namespacePrefix": "et4ae5",
      "type": "RemoteSiteSetting"
    },
    {
      "createdById": "0055g00000BDNwlAAH",
      "createdByName": "Megha Mane",
      "createdDate": "2021-07-26T18:07:25.000Z",
      "fileName": "remoteSiteSettings/et4ae5__S50_Soap.remoteSite",
      "fullName": "et4ae5__S50_Soap",
      "id": "0rp5g0000004N4JAAU",
      "lastModifiedById": "0055g00000BDNwlAAH",
      "lastModifiedByName": "Megha Mane",
      "lastModifiedDate": "2021-07-26T18:07:25.000Z",
      "manageableState": "installed",
      "namespacePrefix": "et4ae5",
      "type": "RemoteSiteSetting"
    },
    {
      "createdById": "0055g00000BDNwlAAH",
      "createdByName": "Megha Mane",
      "createdDate": "2021-07-26T18:07:25.000Z",
      "fileName": "remoteSiteSettings/et4ae5__S7_Rest.remoteSite",
      "fullName": "et4ae5__S7_Rest",
      "id": "0rp5g0000004N4RAAU",
      "lastModifiedById": "0055g00000BDNwlAAH",
      "lastModifiedByName": "Megha Mane",
      "lastModifiedDate": "2021-07-26T18:07:25.000Z",
      "manageableState": "installed",
      "namespacePrefix": "et4ae5",
      "type": "RemoteSiteSetting"
    },
    {
      "createdById": "0055g00000BDNwlAAH",
      "createdByName": "Megha Mane",
      "createdDate": "2021-07-26T18:07:25.000Z",
      "fileName": "remoteSiteSettings/et4ae5__S8_Rest.remoteSite",
      "fullName": "et4ae5__S8_Rest",
      "id": "0rp5g0000004N4UAAU",
      "lastModifiedById": "0055g00000BDNwlAAH",
      "lastModifiedByName": "Megha Mane",
      "lastModifiedDate": "2021-07-26T18:07:25.000Z",
      "manageableState": "installed",
      "namespacePrefix": "et4ae5",
      "type": "RemoteSiteSetting"
    },
    {
      "createdById": "0055g00000BDNwlAAH",
      "createdByName": "Megha Mane",
      "createdDate": "2021-07-26T18:07:25.000Z",
      "fileName": "remoteSiteSettings/et4ae5__S5_Soap.remoteSite",
      "fullName": "et4ae5__S5_Soap",
      "id": "0rp5g0000004N4MAAU",
      "lastModifiedById": "0055g00000BDNwlAAH",
      "lastModifiedByName": "Megha Mane",
      "lastModifiedDate": "2021-07-26T18:07:25.000Z",
      "manageableState": "installed",
      "namespacePrefix": "et4ae5",
      "type": "RemoteSiteSetting"
    },
    {
      "createdById": "0055g00000BDNwlAAH",
      "createdByName": "Megha Mane",
      "createdDate": "2021-07-26T18:07:25.000Z",
      "fileName": "remoteSiteSettings/et4ae5__S11_Auth.remoteSite",
      "fullName": "et4ae5__S11_Auth",
      "id": "0rp5g0000004N46AAE",
      "lastModifiedById": "0055g00000BDNwlAAH",
      "lastModifiedByName": "Megha Mane",
      "lastModifiedDate": "2021-07-26T18:07:25.000Z",
      "manageableState": "installed",
      "namespacePrefix": "et4ae5",
      "type": "RemoteSiteSetting"
    },
    {
      "createdById": "0055g00000BDNwlAAH",
      "createdByName": "Megha Mane",
      "createdDate": "2021-07-26T18:07:25.000Z",
      "fileName": "remoteSiteSettings/et4ae5__S7_Soap.remoteSite",
      "fullName": "et4ae5__S7_Soap",
      "id": "0rp5g0000004N4SAAU",
      "lastModifiedById": "0055g00000BDNwlAAH",
      "lastModifiedByName": "Megha Mane",
      "lastModifiedDate": "2021-07-26T18:07:25.000Z",
      "manageableState": "installed",
      "namespacePrefix": "et4ae5",
      "type": "RemoteSiteSetting"
    },
    {
      "createdById": "0055g00000BDNwlAAH",
      "createdByName": "Megha Mane",
      "createdDate": "2021-07-26T18:07:24.000Z",
      "fileName": "remoteSiteSettings/et4ae5__ET_MC_REST_s1_r.remoteSite",
      "fullName": "et4ae5__ET_MC_REST_s1_r",
      "id": "0rp5g0000004N3oAAE",
      "lastModifiedById": "0055g00000BDNwlAAH",
      "lastModifiedByName": "Megha Mane",
      "lastModifiedDate": "2021-07-26T18:07:24.000Z",
      "manageableState": "installed",
      "namespacePrefix": "et4ae5",
      "type": "RemoteSiteSetting"
    },
    {
      "createdById": "0055g00000BDNwlAAH",
      "createdByName": "Megha Mane",
      "createdDate": "2021-07-26T18:07:25.000Z",
      "fileName": "remoteSiteSettings/et4ae5__S6_Auth.remoteSite",
      "fullName": "et4ae5__S6_Auth",
      "id": "0rp5g0000004N4NAAU",
      "lastModifiedById": "0055g00000BDNwlAAH",
      "lastModifiedByName": "Megha Mane",
      "lastModifiedDate": "2021-07-26T18:07:25.000Z",
      "manageableState": "installed",
      "namespacePrefix": "et4ae5",
      "type": "RemoteSiteSetting"
    },
    {
      "createdById": "0055g00000BDNwlAAH",
      "createdByName": "Megha Mane",
      "createdDate": "2021-07-26T18:07:25.000Z",
      "fileName": "remoteSiteSettings/et4ae5__PrdSup_Auth.remoteSite",
      "fullName": "et4ae5__PrdSup_Auth",
      "id": "0rp5g0000004N3yAAE",
      "lastModifiedById": "0055g00000BDNwlAAH",
      "lastModifiedByName": "Megha Mane",
      "lastModifiedDate": "2021-07-26T18:07:25.000Z",
      "manageableState": "installed",
      "namespacePrefix": "et4ae5",
      "type": "RemoteSiteSetting"
    }
  ]
}
