{
  "status": 0,
  "result": [
    {
      "createdById": "0055g00000BDNwlAAH",
      "createdByName": "Megha Mane",
      "createdDate": "1970-01-01T00:00:00.000Z",
      "fileName": "unfiled$public",
      "fullName": "unfiled$public",
      "id": "",
      "lastModifiedById": "0055g00000BDNwlAAH",
      "lastModifiedByName": "Megha Mane",
      "lastModifiedDate": "1970-01-01T00:00:00.000Z",
      "manageableState": "unmanaged",
      "namespacePrefix": "",
      "type": "ReportFolder"
    },
    {
      "createdById": "0055g00000BDNwlAAH",
      "createdByName": "Megha Mane",
      "createdDate": "2021-07-26T18:06:24.000Z",
      "fileName": "reports/et4ae5__ExactTarget_Tracking_Reports",
      "fullName": "et4ae5__ExactTarget_Tracking_Reports",
      "id": "00l5g000000ZEsDAAW",
      "lastModifiedById": "0055g00000BDNwlAAH",
      "lastModifiedByName": "Megha Mane",
      "lastModifiedDate": "2021-07-26T18:06:24.000Z",
      "manageableState": "installed",
      "namespacePrefix": "et4ae5",
      "type": "ReportFolder"
    },
    {
      "createdById": "0055g00000BDNwlAAH",
      "createdByName": "Megha Mane",
      "createdDate": "2021-07-26T04:12:59.000Z",
      "fileName": "reports/MetroSupportReports",
      "fullName": "MetroSupportReports",
      "id": "00l5g000000ZETZAA4",
      "lastModifiedById": "0055g00000BDNwlAAH",
      "lastModifiedByName": "Megha Mane",
      "lastModifiedDate": "2021-07-26T04:12:59.000Z",
      "manageableState": "unmanaged",
      "type": "ReportFolder"
    },
    {
      "createdById": "0055g00000BDNwlAAH",
      "createdByName": "Megha Mane",
      "createdDate": "2021-07-26T18:06:24.000Z",
      "fileName": "reports/et4ae5__ExactTarget_Subscriber_Reports",
      "fullName": "et4ae5__ExactTarget_Subscriber_Reports",
      "id": "00l5g000000ZEsCAAW",
      "lastModifiedById": "0055g00000BDNwlAAH",
      "lastModifiedByName": "Megha Mane",
      "lastModifiedDate": "2021-07-26T18:06:24.000Z",
      "manageableState": "installed",
      "namespacePrefix": "et4ae5",
      "type": "ReportFolder"
    },
    {
      "createdById": "0055g00000BDNwlAAH",
      "createdByName": "Megha Mane",
      "createdDate": "2021-07-26T18:06:24.000Z",
      "fileName": "reports/et4ae5__ExactTarget_Admin",
      "fullName": "et4ae5__ExactTarget_Admin",
      "id": "00l5g000000ZEsBAAW",
      "lastModifiedById": "0055g00000BDNwlAAH",
      "lastModifiedByName": "Megha Mane",
      "lastModifiedDate": "2021-07-26T18:06:24.000Z",
      "manageableState": "installed",
      "namespacePrefix": "et4ae5",
      "type": "ReportFolder"
    }
  ]
}
