{
  "status": 0,
  "result": [
    {
      "createdById": "0055g00000Bb4ZNAAZ",
      "createdByName": "Automated Process",
      "createdDate": "2021-07-17T12:25:32.000Z",
      "fileName": "reportTypes/screen_flows_prebuilt_crt.reportType",
      "fullName": "screen_flows_prebuilt_crt",
      "id": "0705g000001QquAAAS",
      "lastModifiedById": "0055g00000Bb4ZNAAZ",
      "lastModifiedByName": "Automated Process",
      "lastModifiedDate": "2021-07-17T12:25:32.000Z",
      "manageableState": "unmanaged",
      "type": "ReportType"
    },
    {
      "createdById": "0055g00000BDNwlAAH",
      "createdByName": "Megha Mane",
      "createdDate": "2021-07-26T18:06:24.000Z",
      "fileName": "reportTypes/et4ae5__Users_with_or_without_Email_Sends.reportType",
      "fullName": "et4ae5__Users_with_or_without_Email_Sends",
      "id": "0705g000000LFuVAAW",
      "lastModifiedById": "0055g00000BDNwlAAH",
      "lastModifiedByName": "Megha Mane",
      "lastModifiedDate": "2021-07-26T18:06:24.000Z",
      "manageableState": "installed",
      "namespacePrefix": "et4ae5",
      "type": "ReportType"
    }
  ]
}
