{
  "status": 0,
  "result": [
    {
      "createdById": "0055g00000BDNwlAAH",
      "createdByName": "Megha Mane",
      "createdDate": "1970-01-01T00:00:00.000Z",
      "fileName": "sharingRules/ContactRequest.sharingRules",
      "fullName": "ContactRequest",
      "id": "",
      "lastModifiedById": "0055g00000BDNwlAAH",
      "lastModifiedByName": "Megha Mane",
      "lastModifiedDate": "1970-01-01T00:00:00.000Z",
      "namespacePrefix": "",
      "type": "SharingRules"
    },
    {
      "createdById": "0055g00000BDNwlAAH",
      "createdByName": "Megha Mane",
      "createdDate": "1970-01-01T00:00:00.000Z",
      "fileName": "sharingRules/UserProvisioningRequest.sharingRules",
      "fullName": "UserProvisioningRequest",
      "id": "",
      "lastModifiedById": "0055g00000BDNwlAAH",
      "lastModifiedByName": "Megha Mane",
      "lastModifiedDate": "1970-01-01T00:00:00.000Z",
      "namespacePrefix": "",
      "type": "SharingRules"
    },
    {
      "createdById": "0055g00000BDNwlAAH",
      "createdByName": "Megha Mane",
      "createdDate": "1970-01-01T00:00:00.000Z",
      "fileName": "sharingRules/WorkTypeGroup.sharingRules",
      "fullName": "WorkTypeGroup",
      "id": "",
      "lastModifiedById": "0055g00000BDNwlAAH",
      "lastModifiedByName": "Megha Mane",
      "lastModifiedDate": "1970-01-01T00:00:00.000Z",
      "namespacePrefix": "",
      "type": "SharingRules"
    },
    {
      "createdById": "0055g00000BDNwlAAH",
      "createdByName": "Megha Mane",
      "createdDate": "2021-07-26T18:06:03.000Z",
      "fileName": "sharingRules/et4ae5__abTest__c.sharingRules",
      "fullName": "et4ae5__abTest__c",
      "id": "01I5g000000SZYFEA4",
      "lastModifiedById": "0055g00000BDNwlAAH",
      "lastModifiedByName": "Megha Mane",
      "lastModifiedDate": "2021-07-26T18:08:07.000Z",
      "manageableState": "installed",
      "namespacePrefix": "et4ae5",
      "type": "SharingRules"
    },
    {
      "createdById": "0055g00000BDNwlAAH",
      "createdByName": "Megha Mane",
      "createdDate": "1970-01-01T00:00:00.000Z",
      "fileName": "sharingRules/Contact.sharingRules",
      "fullName": "Contact",
      "id": "",
      "lastModifiedById": "0055g00000BDNwlAAH",
      "lastModifiedByName": "Megha Mane",
      "lastModifiedDate": "1970-01-01T00:00:00.000Z",
      "namespacePrefix": "",
      "type": "SharingRules"
    },
    {
      "createdById": "0055g00000BDNwlAAH",
      "createdByName": "Megha Mane",
      "createdDate": "1970-01-01T00:00:00.000Z",
      "fileName": "sharingRules/EngagementChannelType.sharingRules",
      "fullName": "EngagementChannelType",
      "id": "",
      "lastModifiedById": "0055g00000BDNwlAAH",
      "lastModifiedByName": "Megha Mane",
      "lastModifiedDate": "1970-01-01T00:00:00.000Z",
      "namespacePrefix": "",
      "type": "SharingRules"
    },
    {
      "createdById": "0055g00000BDNwlAAH",
      "createdByName": "Megha Mane",
      "createdDate": "1970-01-01T00:00:00.000Z",
      "fileName": "sharingRules/PartnerFundRequest.sharingRules",
      "fullName": "PartnerFundRequest",
      "id": "",
      "lastModifiedById": "0055g00000BDNwlAAH",
      "lastModifiedByName": "Megha Mane",
      "lastModifiedDate": "1970-01-01T00:00:00.000Z",
      "namespacePrefix": "",
      "type": "SharingRules"
    },
    {
      "createdById": "0055g00000BDNwlAAH",
      "createdByName": "Megha Mane",
      "createdDate": "1970-01-01T00:00:00.000Z",
      "fileName": "sharingRules/Invoice.sharingRules",
      "fullName": "Invoice",
      "id": "",
      "lastModifiedById": "0055g00000BDNwlAAH",
      "lastModifiedByName": "Megha Mane",
      "lastModifiedDate": "1970-01-01T00:00:00.000Z",
      "namespacePrefix": "",
      "type": "SharingRules"
    },
    {
      "createdById": "0055g00000BDNwlAAH",
      "createdByName": "Megha Mane",
      "createdDate": "1970-01-01T00:00:00.000Z",
      "fileName": "sharingRules/FlowInterviewLog.sharingRules",
      "fullName": "FlowInterviewLog",
      "id": "",
      "lastModifiedById": "0055g00000BDNwlAAH",
      "lastModifiedByName": "Megha Mane",
      "lastModifiedDate": "1970-01-01T00:00:00.000Z",
      "namespacePrefix": "",
      "type": "SharingRules"
    },
    {
      "createdById": "0055g00000BDNwlAAH",
      "createdByName": "Megha Mane",
      "createdDate": "1970-01-01T00:00:00.000Z",
      "fileName": "sharingRules/StreamActivityAccess.sharingRules",
      "fullName": "StreamActivityAccess",
      "id": "",
      "lastModifiedById": "0055g00000BDNwlAAH",
      "lastModifiedByName": "Megha Mane",
      "lastModifiedDate": "1970-01-01T00:00:00.000Z",
      "namespacePrefix": "",
      "type": "SharingRules"
    },
    {
      "createdById": "0055g00000BDNwlAAH",
      "createdByName": "Megha Mane",
      "createdDate": "1970-01-01T00:00:00.000Z",
      "fileName": "sharingRules/ConsumptionSchedule.sharingRules",
      "fullName": "ConsumptionSchedule",
      "id": "",
      "lastModifiedById": "0055g00000BDNwlAAH",
      "lastModifiedByName": "Megha Mane",
      "lastModifiedDate": "1970-01-01T00:00:00.000Z",
      "namespacePrefix": "",
      "type": "SharingRules"
    },
    {
      "createdById": "0055g00000BDNwlAAH",
      "createdByName": "Megha Mane",
      "createdDate": "1970-01-01T00:00:00.000Z",
      "fileName": "sharingRules/Image.sharingRules",
      "fullName": "Image",
      "id": "",
      "lastModifiedById": "0055g00000BDNwlAAH",
      "lastModifiedByName": "Megha Mane",
      "lastModifiedDate": "1970-01-01T00:00:00.000Z",
      "namespacePrefix": "",
      "type": "SharingRules"
    },
    {
      "createdById": "0055g00000BDNwlAAH",
      "createdByName": "Megha Mane",
      "createdDate": "1970-01-01T00:00:00.000Z",
      "fileName": "sharingRules/AuthorizationForm.sharingRules",
      "fullName": "AuthorizationForm",
      "id": "",
      "lastModifiedById": "0055g00000BDNwlAAH",
      "lastModifiedByName": "Megha Mane",
      "lastModifiedDate": "1970-01-01T00:00:00.000Z",
      "namespacePrefix": "",
      "type": "SharingRules"
    },
    {
      "createdById": "0055g00000BDNwlAAH",
      "createdByName": "Megha Mane",
      "createdDate": "1970-01-01T00:00:00.000Z",
      "fileName": "sharingRules/LegalEntity.sharingRules",
      "fullName": "LegalEntity",
      "id": "",
      "lastModifiedById": "0055g00000BDNwlAAH",
      "lastModifiedByName": "Megha Mane",
      "lastModifiedDate": "1970-01-01T00:00:00.000Z",
      "namespacePrefix": "",
      "type": "SharingRules"
    },
    {
      "createdById": "0055g00000BDNwlAAH",
      "createdByName": "Megha Mane",
      "createdDate": "1970-01-01T00:00:00.000Z",
      "fileName": "sharingRules/PartnerMarketingBudget.sharingRules",
      "fullName": "PartnerMarketingBudget",
      "id": "",
      "lastModifiedById": "0055g00000BDNwlAAH",
      "lastModifiedByName": "Megha Mane",
      "lastModifiedDate": "1970-01-01T00:00:00.000Z",
      "namespacePrefix": "",
      "type": "SharingRules"
    },
    {
      "createdById": "0055g00000BDNwlAAH",
      "createdByName": "Megha Mane",
      "createdDate": "2021-07-26T18:06:03.000Z",
      "fileName": "sharingRules/et4ae5__SendDefinition__c.sharingRules",
      "fullName": "et4ae5__SendDefinition__c",
      "id": "01I5g000000SZYAEA4",
      "lastModifiedById": "0055g00000BDNwlAAH",
      "lastModifiedByName": "Megha Mane",
      "lastModifiedDate": "2021-07-26T18:08:06.000Z",
      "manageableState": "installed",
      "namespacePrefix": "et4ae5",
      "type": "SharingRules"
    },
    {
      "createdById": "0055g00000BDNwlAAH",
      "createdByName": "Megha Mane",
      "createdDate": "2021-07-26T18:05:59.000Z",
      "fileName": "sharingRules/et4ae5__Campaign_Member_Configuration__c.sharingRules",
      "fullName": "et4ae5__Campaign_Member_Configuration__c",
      "id": "01I5g000000SZXsEAO",
      "lastModifiedById": "0055g00000BDNwlAAH",
      "lastModifiedByName": "Megha Mane",
      "lastModifiedDate": "2021-07-26T18:08:04.000Z",
      "manageableState": "installed",
      "namespacePrefix": "et4ae5",
      "type": "SharingRules"
    },
    {
      "createdById": "0055g00000BDNwlAAH",
      "createdByName": "Megha Mane",
      "createdDate": "1970-01-01T00:00:00.000Z",
      "fileName": "sharingRules/FinanceBalanceSnapshot.sharingRules",
      "fullName": "FinanceBalanceSnapshot",
      "id": "",
      "lastModifiedById": "0055g00000BDNwlAAH",
      "lastModifiedByName": "Megha Mane",
      "lastModifiedDate": "1970-01-01T00:00:00.000Z",
      "namespacePrefix": "",
      "type": "SharingRules"
    },
    {
      "createdById": "0055g00000BDNwlAAH",
      "createdByName": "Megha Mane",
      "createdDate": "2021-07-26T18:05:59.000Z",
      "fileName": "sharingRules/et4ae5__IndividualLink__c.sharingRules",
      "fullName": "et4ae5__IndividualLink__c",
      "id": "01I5g000000SZY2EAO",
      "lastModifiedById": "0055g00000BDNwlAAH",
      "lastModifiedByName": "Megha Mane",
      "lastModifiedDate": "2021-07-26T18:08:05.000Z",
      "manageableState": "installed",
      "namespacePrefix": "et4ae5",
      "type": "SharingRules"
    },
    {
      "createdById": "0055g00000BDNwlAAH",
      "createdByName": "Megha Mane",
      "createdDate": "1970-01-01T00:00:00.000Z",
      "fileName": "sharingRules/Lead.sharingRules",
      "fullName": "Lead",
      "id": "",
      "lastModifiedById": "0055g00000BDNwlAAH",
      "lastModifiedByName": "Megha Mane",
      "lastModifiedDate": "1970-01-01T00:00:00.000Z",
      "namespacePrefix": "",
      "type": "SharingRules"
    },
    {
      "createdById": "0055g00000BDNwlAAH",
      "createdByName": "Megha Mane",
      "createdDate": "2021-07-26T18:06:03.000Z",
      "fileName": "sharingRules/et4ae5__Triggered_Send_Execution__c.sharingRules",
      "fullName": "et4ae5__Triggered_Send_Execution__c",
      "id": "01I5g000000SZYDEA4",
      "lastModifiedById": "0055g00000BDNwlAAH",
      "lastModifiedByName": "Megha Mane",
      "lastModifiedDate": "2021-07-26T18:08:06.000Z",
      "manageableState": "installed",
      "namespacePrefix": "et4ae5",
      "type": "SharingRules"
    },
    {
      "createdById": "0055g00000BDuuxAAD",
      "createdByName": "Ashish Salunkhe",
      "createdDate": "2021-07-25T10:26:19.000Z",
      "fileName": "sharingRules/Station__c.sharingRules",
      "fullName": "Station__c",
      "id": "01I5g000000SXwoEAG",
      "lastModifiedById": "0055g00000BDNwlAAH",
      "lastModifiedByName": "Megha Mane",
      "lastModifiedDate": "2021-07-28T17:50:27.000Z",
      "manageableState": "unmanaged",
      "type": "SharingRules"
    },
    {
      "createdById": "0055g00000BDNwlAAH",
      "createdByName": "Megha Mane",
      "createdDate": "1970-01-01T00:00:00.000Z",
      "fileName": "sharingRules/ContactPointConsent.sharingRules",
      "fullName": "ContactPointConsent",
      "id": "",
      "lastModifiedById": "0055g00000BDNwlAAH",
      "lastModifiedByName": "Megha Mane",
      "lastModifiedDate": "1970-01-01T00:00:00.000Z",
      "namespacePrefix": "",
      "type": "SharingRules"
    },
    {
      "createdById": "0055g00000BDNwlAAH",
      "createdByName": "Megha Mane",
      "createdDate": "1970-01-01T00:00:00.000Z",
      "fileName": "sharingRules/StreamingChannel.sharingRules",
      "fullName": "StreamingChannel",
      "id": "",
      "lastModifiedById": "0055g00000BDNwlAAH",
      "lastModifiedByName": "Megha Mane",
      "lastModifiedDate": "1970-01-01T00:00:00.000Z",
      "namespacePrefix": "",
      "type": "SharingRules"
    },
    {
      "createdById": "0055g00000BDNwlAAH",
      "createdByName": "Megha Mane",
      "createdDate": "1970-01-01T00:00:00.000Z",
      "fileName": "sharingRules/SiqUserBlacklist.sharingRules",
      "fullName": "SiqUserBlacklist",
      "id": "",
      "lastModifiedById": "0055g00000BDNwlAAH",
      "lastModifiedByName": "Megha Mane",
      "lastModifiedDate": "1970-01-01T00:00:00.000Z",
      "namespacePrefix": "",
      "type": "SharingRules"
    },
    {
      "createdById": "0055g00000BDNwlAAH",
      "createdByName": "Megha Mane",
      "createdDate": "2021-07-26T18:05:59.000Z",
      "fileName": "sharingRules/et4ae5__Automated_Send__c.sharingRules",
      "fullName": "et4ae5__Automated_Send__c",
      "id": "01I5g000000SZXqEAO",
      "lastModifiedById": "0055g00000BDNwlAAH",
      "lastModifiedByName": "Megha Mane",
      "lastModifiedDate": "2021-07-26T18:08:03.000Z",
      "manageableState": "installed",
      "namespacePrefix": "et4ae5",
      "type": "SharingRules"
    },
    {
      "createdById": "0055g00000BDNwlAAH",
      "createdByName": "Megha Mane",
      "createdDate": "1970-01-01T00:00:00.000Z",
      "fileName": "sharingRules/Campaign.sharingRules",
      "fullName": "Campaign",
      "id": "",
      "lastModifiedById": "0055g00000BDNwlAAH",
      "lastModifiedByName": "Megha Mane",
      "lastModifiedDate": "1970-01-01T00:00:00.000Z",
      "namespacePrefix": "",
      "type": "SharingRules"
    },
    {
      "createdById": "0055g00000BDNwlAAH",
      "createdByName": "Megha Mane",
      "createdDate": "1970-01-01T00:00:00.000Z",
      "fileName": "sharingRules/AuthorizationFormDataUse.sharingRules",
      "fullName": "AuthorizationFormDataUse",
      "id": "",
      "lastModifiedById": "0055g00000BDNwlAAH",
      "lastModifiedByName": "Megha Mane",
      "lastModifiedDate": "1970-01-01T00:00:00.000Z",
      "namespacePrefix": "",
      "type": "SharingRules"
    },
    {
      "createdById": "0055g00000BDNwlAAH",
      "createdByName": "Megha Mane",
      "createdDate": "2021-07-26T18:05:59.000Z",
      "fileName": "sharingRules/et4ae5__AggregateLink__c.sharingRules",
      "fullName": "et4ae5__AggregateLink__c",
      "id": "01I5g000000SZXpEAO",
      "lastModifiedById": "0055g00000BDNwlAAH",
      "lastModifiedByName": "Megha Mane",
      "lastModifiedDate": "2021-07-26T18:08:03.000Z",
      "manageableState": "installed",
      "namespacePrefix": "et4ae5",
      "type": "SharingRules"
    },
    {
      "createdById": "0055g00000BDNwlAAH",
      "createdByName": "Megha Mane",
      "createdDate": "1970-01-01T00:00:00.000Z",
      "fileName": "sharingRules/FlowInterview.sharingRules",
      "fullName": "FlowInterview",
      "id": "",
      "lastModifiedById": "0055g00000BDNwlAAH",
      "lastModifiedByName": "Megha Mane",
      "lastModifiedDate": "1970-01-01T00:00:00.000Z",
      "namespacePrefix": "",
      "type": "SharingRules"
    },
    {
      "createdById": "0055g00000BDNwlAAH",
      "createdByName": "Megha Mane",
      "createdDate": "1970-01-01T00:00:00.000Z",
      "fileName": "sharingRules/LiveChatTranscript.sharingRules",
      "fullName": "LiveChatTranscript",
      "id": "",
      "lastModifiedById": "0055g00000BDNwlAAH",
      "lastModifiedByName": "Megha Mane",
      "lastModifiedDate": "1970-01-01T00:00:00.000Z",
      "namespacePrefix": "",
      "type": "SharingRules"
    },
    {
      "createdById": "0055g00000BDuuxAAD",
      "createdByName": "Ashish Salunkhe",
      "createdDate": "2021-07-25T10:42:32.000Z",
      "fileName": "sharingRules/Metro_Train__c.sharingRules",
      "fullName": "Metro_Train__c",
      "id": "01I5g000000SXx8EAG",
      "lastModifiedById": "0055g00000BDNwlAAH",
      "lastModifiedByName": "Megha Mane",
      "lastModifiedDate": "2021-07-26T17:18:09.000Z",
      "manageableState": "unmanaged",
      "type": "SharingRules"
    },
    {
      "createdById": "0055g00000BDNwlAAH",
      "createdByName": "Megha Mane",
      "createdDate": "1970-01-01T00:00:00.000Z",
      "fileName": "sharingRules/ActivityRecurrence2Exception.sharingRules",
      "fullName": "ActivityRecurrence2Exception",
      "id": "",
      "lastModifiedById": "0055g00000BDNwlAAH",
      "lastModifiedByName": "Megha Mane",
      "lastModifiedDate": "1970-01-01T00:00:00.000Z",
      "namespacePrefix": "",
      "type": "SharingRules"
    },
    {
      "createdById": "0055g00000BDNwlAAH",
      "createdByName": "Megha Mane",
      "createdDate": "1970-01-01T00:00:00.000Z",
      "fileName": "sharingRules/CommSubscriptionConsent.sharingRules",
      "fullName": "CommSubscriptionConsent",
      "id": "",
      "lastModifiedById": "0055g00000BDNwlAAH",
      "lastModifiedByName": "Megha Mane",
      "lastModifiedDate": "1970-01-01T00:00:00.000Z",
      "namespacePrefix": "",
      "type": "SharingRules"
    },
    {
      "createdById": "0055g00000BDNwlAAH",
      "createdByName": "Megha Mane",
      "createdDate": "1970-01-01T00:00:00.000Z",
      "fileName": "sharingRules/DataUseLegalBasis.sharingRules",
      "fullName": "DataUseLegalBasis",
      "id": "",
      "lastModifiedById": "0055g00000BDNwlAAH",
      "lastModifiedByName": "Megha Mane",
      "lastModifiedDate": "1970-01-01T00:00:00.000Z",
      "namespacePrefix": "",
      "type": "SharingRules"
    },
    {
      "createdById": "0055g00000BDNwlAAH",
      "createdByName": "Megha Mane",
      "createdDate": "1970-01-01T00:00:00.000Z",
      "fileName": "sharingRules/UserServicePresence.sharingRules",
      "fullName": "UserServicePresence",
      "id": "",
      "lastModifiedById": "0055g00000BDNwlAAH",
      "lastModifiedByName": "Megha Mane",
      "lastModifiedDate": "1970-01-01T00:00:00.000Z",
      "namespacePrefix": "",
      "type": "SharingRules"
    },
    {
      "createdById": "0055g00000BDNwlAAH",
      "createdByName": "Megha Mane",
      "createdDate": "1970-01-01T00:00:00.000Z",
      "fileName": "sharingRules/Product2.sharingRules",
      "fullName": "Product2",
      "id": "",
      "lastModifiedById": "0055g00000BDNwlAAH",
      "lastModifiedByName": "Megha Mane",
      "lastModifiedDate": "1970-01-01T00:00:00.000Z",
      "namespacePrefix": "",
      "type": "SharingRules"
    },
    {
      "createdById": "0055g00000BDuuxAAD",
      "createdByName": "Ashish Salunkhe",
      "createdDate": "2021-07-25T11:16:10.000Z",
      "fileName": "sharingRules/Ticket__c.sharingRules",
      "fullName": "Ticket__c",
      "id": "01I5g000000SXxmEAG",
      "lastModifiedById": "0055g00000BDNwlAAH",
      "lastModifiedByName": "Megha Mane",
      "lastModifiedDate": "2021-07-29T16:28:06.000Z",
      "manageableState": "unmanaged",
      "type": "SharingRules"
    },
    {
      "createdById": "0055g00000BDNwlAAH",
      "createdByName": "Megha Mane",
      "createdDate": "1970-01-01T00:00:00.000Z",
      "fileName": "sharingRules/CleanLeadBackup.sharingRules",
      "fullName": "CleanLeadBackup",
      "id": "",
      "lastModifiedById": "0055g00000BDNwlAAH",
      "lastModifiedByName": "Megha Mane",
      "lastModifiedDate": "1970-01-01T00:00:00.000Z",
      "namespacePrefix": "",
      "type": "SharingRules"
    },
    {
      "createdById": "0055g00000BDNwlAAH",
      "createdByName": "Megha Mane",
      "createdDate": "1970-01-01T00:00:00.000Z",
      "fileName": "sharingRules/AuthorizationFormConsent.sharingRules",
      "fullName": "AuthorizationFormConsent",
      "id": "",
      "lastModifiedById": "0055g00000BDNwlAAH",
      "lastModifiedByName": "Megha Mane",
      "lastModifiedDate": "1970-01-01T00:00:00.000Z",
      "namespacePrefix": "",
      "type": "SharingRules"
    },
    {
      "createdById": "0055g00000BDNwlAAH",
      "createdByName": "Megha Mane",
      "createdDate": "1970-01-01T00:00:00.000Z",
      "fileName": "sharingRules/Case.sharingRules",
      "fullName": "Case",
      "id": "",
      "lastModifiedById": "0055g00000BDNwlAAH",
      "lastModifiedByName": "Megha Mane",
      "lastModifiedDate": "1970-01-01T00:00:00.000Z",
      "namespacePrefix": "",
      "type": "SharingRules"
    },
    {
      "createdById": "0055g00000BDNwlAAH",
      "createdByName": "Megha Mane",
      "createdDate": "1970-01-01T00:00:00.000Z",
      "fileName": "sharingRules/ServiceAppointment.sharingRules",
      "fullName": "ServiceAppointment",
      "id": "",
      "lastModifiedById": "0055g00000BDNwlAAH",
      "lastModifiedByName": "Megha Mane",
      "lastModifiedDate": "1970-01-01T00:00:00.000Z",
      "namespacePrefix": "",
      "type": "SharingRules"
    },
    {
      "createdById": "0055g00000BDNwlAAH",
      "createdByName": "Megha Mane",
      "createdDate": "1970-01-01T00:00:00.000Z",
      "fileName": "sharingRules/DataUsePurpose.sharingRules",
      "fullName": "DataUsePurpose",
      "id": "",
      "lastModifiedById": "0055g00000BDNwlAAH",
      "lastModifiedByName": "Megha Mane",
      "lastModifiedDate": "1970-01-01T00:00:00.000Z",
      "namespacePrefix": "",
      "type": "SharingRules"
    },
    {
      "createdById": "0055g00000BDNwlAAH",
      "createdByName": "Megha Mane",
      "createdDate": "2021-07-26T18:05:59.000Z",
      "fileName": "sharingRules/et4ae5__IndividualEmailResult__c.sharingRules",
      "fullName": "et4ae5__IndividualEmailResult__c",
      "id": "01I5g000000SZY1EAO",
      "lastModifiedById": "0055g00000BDNwlAAH",
      "lastModifiedByName": "Megha Mane",
      "lastModifiedDate": "2021-07-26T18:08:05.000Z",
      "manageableState": "installed",
      "namespacePrefix": "et4ae5",
      "type": "SharingRules"
    },
    {
      "createdById": "0055g00000BDNwlAAH",
      "createdByName": "Megha Mane",
      "createdDate": "1970-01-01T00:00:00.000Z",
      "fileName": "sharingRules/Opportunity.sharingRules",
      "fullName": "Opportunity",
      "id": "",
      "lastModifiedById": "0055g00000BDNwlAAH",
      "lastModifiedByName": "Megha Mane",
      "lastModifiedDate": "1970-01-01T00:00:00.000Z",
      "namespacePrefix": "",
      "type": "SharingRules"
    },
    {
      "createdById": "0055g00000BDNwlAAH",
      "createdByName": "Megha Mane",
      "createdDate": "1970-01-01T00:00:00.000Z",
      "fileName": "sharingRules/MessagingSession.sharingRules",
      "fullName": "MessagingSession",
      "id": "",
      "lastModifiedById": "0055g00000BDNwlAAH",
      "lastModifiedByName": "Megha Mane",
      "lastModifiedDate": "1970-01-01T00:00:00.000Z",
      "namespacePrefix": "",
      "type": "SharingRules"
    },
    {
      "createdById": "0055g00000BDNwlAAH",
      "createdByName": "Megha Mane",
      "createdDate": "1970-01-01T00:00:00.000Z",
      "fileName": "sharingRules/Asset.sharingRules",
      "fullName": "Asset",
      "id": "",
      "lastModifiedById": "0055g00000BDNwlAAH",
      "lastModifiedByName": "Megha Mane",
      "lastModifiedDate": "1970-01-01T00:00:00.000Z",
      "namespacePrefix": "",
      "type": "SharingRules"
    },
    {
      "createdById": "0055g00000BDNwlAAH",
      "createdByName": "Megha Mane",
      "createdDate": "1970-01-01T00:00:00.000Z",
      "fileName": "sharingRules/AccountBrand.sharingRules",
      "fullName": "AccountBrand",
      "id": "",
      "lastModifiedById": "0055g00000BDNwlAAH",
      "lastModifiedByName": "Megha Mane",
      "lastModifiedDate": "1970-01-01T00:00:00.000Z",
      "namespacePrefix": "",
      "type": "SharingRules"
    },
    {
      "createdById": "0055g00000BDNwlAAH",
      "createdByName": "Megha Mane",
      "createdDate": "1970-01-01T00:00:00.000Z",
      "fileName": "sharingRules/WorkOrder.sharingRules",
      "fullName": "WorkOrder",
      "id": "",
      "lastModifiedById": "0055g00000BDNwlAAH",
      "lastModifiedByName": "Megha Mane",
      "lastModifiedDate": "1970-01-01T00:00:00.000Z",
      "namespacePrefix": "",
      "type": "SharingRules"
    },
    {
      "createdById": "0055g00000BDNwlAAH",
      "createdByName": "Megha Mane",
      "createdDate": "1970-01-01T00:00:00.000Z",
      "fileName": "sharingRules/MessagingEndUser.sharingRules",
      "fullName": "MessagingEndUser",
      "id": "",
      "lastModifiedById": "0055g00000BDNwlAAH",
      "lastModifiedByName": "Megha Mane",
      "lastModifiedDate": "1970-01-01T00:00:00.000Z",
      "namespacePrefix": "",
      "type": "SharingRules"
    },
    {
      "createdById": "0055g00000BDuuxAAD",
      "createdByName": "Ashish Salunkhe",
      "createdDate": "2021-07-25T11:11:37.000Z",
      "fileName": "sharingRules/MetroSlot__c.sharingRules",
      "fullName": "MetroSlot__c",
      "id": "01I5g000000SXxcEAG",
      "lastModifiedById": "0055g00000BDuuxAAD",
      "lastModifiedByName": "Ashish Salunkhe",
      "lastModifiedDate": "2021-07-25T11:11:37.000Z",
      "manageableState": "unmanaged",
      "type": "SharingRules"
    },
    {
      "createdById": "0055g00000BDNwlAAH",
      "createdByName": "Megha Mane",
      "createdDate": "1970-01-01T00:00:00.000Z",
      "fileName": "sharingRules/ServiceTerritory.sharingRules",
      "fullName": "ServiceTerritory",
      "id": "",
      "lastModifiedById": "0055g00000BDNwlAAH",
      "lastModifiedByName": "Megha Mane",
      "lastModifiedDate": "1970-01-01T00:00:00.000Z",
      "namespacePrefix": "",
      "type": "SharingRules"
    },
    {
      "createdById": "0055g00000BDNwlAAH",
      "createdByName": "Megha Mane",
      "createdDate": "1970-01-01T00:00:00.000Z",
      "fileName": "sharingRules/FinanceTransaction.sharingRules",
      "fullName": "FinanceTransaction",
      "id": "",
      "lastModifiedById": "0055g00000BDNwlAAH",
      "lastModifiedByName": "Megha Mane",
      "lastModifiedDate": "1970-01-01T00:00:00.000Z",
      "namespacePrefix": "",
      "type": "SharingRules"
    },
    {
      "createdById": "0055g00000BDNwlAAH",
      "createdByName": "Megha Mane",
      "createdDate": "1970-01-01T00:00:00.000Z",
      "fileName": "sharingRules/Location.sharingRules",
      "fullName": "Location",
      "id": "",
      "lastModifiedById": "0055g00000BDNwlAAH",
      "lastModifiedByName": "Megha Mane",
      "lastModifiedDate": "1970-01-01T00:00:00.000Z",
      "namespacePrefix": "",
      "type": "SharingRules"
    },
    {
      "createdById": "0055g00000BDNwlAAH",
      "createdByName": "Megha Mane",
      "createdDate": "1970-01-01T00:00:00.000Z",
      "fileName": "sharingRules/Individual.sharingRules",
      "fullName": "Individual",
      "id": "",
      "lastModifiedById": "0055g00000BDNwlAAH",
      "lastModifiedByName": "Megha Mane",
      "lastModifiedDate": "1970-01-01T00:00:00.000Z",
      "namespacePrefix": "",
      "type": "SharingRules"
    },
    {
      "createdById": "0055g00000BDNwlAAH",
      "createdByName": "Megha Mane",
      "createdDate": "2021-07-26T18:05:59.000Z",
      "fileName": "sharingRules/et4ae5__Business_Unit__c.sharingRules",
      "fullName": "et4ae5__Business_Unit__c",
      "id": "01I5g000000SZXrEAO",
      "lastModifiedById": "0055g00000BDNwlAAH",
      "lastModifiedByName": "Megha Mane",
      "lastModifiedDate": "2021-07-26T18:08:04.000Z",
      "manageableState": "installed",
      "namespacePrefix": "et4ae5",
      "type": "SharingRules"
    },
    {
      "createdById": "0055g00000BDNwlAAH",
      "createdByName": "Megha Mane",
      "createdDate": "1970-01-01T00:00:00.000Z",
      "fileName": "sharingRules/AgentWork.sharingRules",
      "fullName": "AgentWork",
      "id": "",
      "lastModifiedById": "0055g00000BDNwlAAH",
      "lastModifiedByName": "Megha Mane",
      "lastModifiedDate": "1970-01-01T00:00:00.000Z",
      "namespacePrefix": "",
      "type": "SharingRules"
    },
    {
      "createdById": "0055g00000BDNwlAAH",
      "createdByName": "Megha Mane",
      "createdDate": "1970-01-01T00:00:00.000Z",
      "fileName": "sharingRules/QuickTextUsage.sharingRules",
      "fullName": "QuickTextUsage",
      "id": "",
      "lastModifiedById": "0055g00000BDNwlAAH",
      "lastModifiedByName": "Megha Mane",
      "lastModifiedDate": "1970-01-01T00:00:00.000Z",
      "namespacePrefix": "",
      "type": "SharingRules"
    },
    {
      "createdById": "0055g00000BDNwlAAH",
      "createdByName": "Megha Mane",
      "createdDate": "1970-01-01T00:00:00.000Z",
      "fileName": "sharingRules/ContactPointTypeConsent.sharingRules",
      "fullName": "ContactPointTypeConsent",
      "id": "",
      "lastModifiedById": "0055g00000BDNwlAAH",
      "lastModifiedByName": "Megha Mane",
      "lastModifiedDate": "1970-01-01T00:00:00.000Z",
      "namespacePrefix": "",
      "type": "SharingRules"
    },
    {
      "createdById": "0055g00000BDNwlAAH",
      "createdByName": "Megha Mane",
      "createdDate": "1970-01-01T00:00:00.000Z",
      "fileName": "sharingRules/CommSubscriptionChannelType.sharingRules",
      "fullName": "CommSubscriptionChannelType",
      "id": "",
      "lastModifiedById": "0055g00000BDNwlAAH",
      "lastModifiedByName": "Megha Mane",
      "lastModifiedDate": "1970-01-01T00:00:00.000Z",
      "namespacePrefix": "",
      "type": "SharingRules"
    },
    {
      "createdById": "0055g00000BDNwlAAH",
      "createdByName": "Megha Mane",
      "createdDate": "1970-01-01T00:00:00.000Z",
      "fileName": "sharingRules/CommSubscription.sharingRules",
      "fullName": "CommSubscription",
      "id": "",
      "lastModifiedById": "0055g00000BDNwlAAH",
      "lastModifiedByName": "Megha Mane",
      "lastModifiedDate": "1970-01-01T00:00:00.000Z",
      "namespacePrefix": "",
      "type": "SharingRules"
    },
    {
      "createdById": "0055g00000BDNwlAAH",
      "createdByName": "Megha Mane",
      "createdDate": "1970-01-01T00:00:00.000Z",
      "fileName": "sharingRules/ProcessException.sharingRules",
      "fullName": "ProcessException",
      "id": "",
      "lastModifiedById": "0055g00000BDNwlAAH",
      "lastModifiedByName": "Megha Mane",
      "lastModifiedDate": "1970-01-01T00:00:00.000Z",
      "namespacePrefix": "",
      "type": "SharingRules"
    },
    {
      "createdById": "0055g00000BDNwlAAH",
      "createdByName": "Megha Mane",
      "createdDate": "2021-07-26T18:05:59.000Z",
      "fileName": "sharingRules/et4ae5__Email_Linkage__c.sharingRules",
      "fullName": "et4ae5__Email_Linkage__c",
      "id": "01I5g000000SZY0EAO",
      "lastModifiedById": "0055g00000BDNwlAAH",
      "lastModifiedByName": "Megha Mane",
      "lastModifiedDate": "2021-07-26T18:08:05.000Z",
      "manageableState": "installed",
      "namespacePrefix": "et4ae5",
      "type": "SharingRules"
    },
    {
      "createdById": "0055g00000BDNwlAAH",
      "createdByName": "Megha Mane",
      "createdDate": "1970-01-01T00:00:00.000Z",
      "fileName": "sharingRules/ComponentResponseCache.sharingRules",
      "fullName": "ComponentResponseCache",
      "id": "",
      "lastModifiedById": "0055g00000BDNwlAAH",
      "lastModifiedByName": "Megha Mane",
      "lastModifiedDate": "1970-01-01T00:00:00.000Z",
      "namespacePrefix": "",
      "type": "SharingRules"
    },
    {
      "createdById": "0055g00000BDNwlAAH",
      "createdByName": "Megha Mane",
      "createdDate": "1970-01-01T00:00:00.000Z",
      "fileName": "sharingRules/PartnerFundClaim.sharingRules",
      "fullName": "PartnerFundClaim",
      "id": "",
      "lastModifiedById": "0055g00000BDNwlAAH",
      "lastModifiedByName": "Megha Mane",
      "lastModifiedDate": "1970-01-01T00:00:00.000Z",
      "namespacePrefix": "",
      "type": "SharingRules"
    },
    {
      "createdById": "0055g00000BDNwlAAH",
      "createdByName": "Megha Mane",
      "createdDate": "1970-01-01T00:00:00.000Z",
      "fileName": "sharingRules/ServiceResource.sharingRules",
      "fullName": "ServiceResource",
      "id": "",
      "lastModifiedById": "0055g00000BDNwlAAH",
      "lastModifiedByName": "Megha Mane",
      "lastModifiedDate": "1970-01-01T00:00:00.000Z",
      "namespacePrefix": "",
      "type": "SharingRules"
    },
    {
      "createdById": "0055g00000BDNwlAAH",
      "createdByName": "Megha Mane",
      "createdDate": "1970-01-01T00:00:00.000Z",
      "fileName": "sharingRules/Scorecard.sharingRules",
      "fullName": "Scorecard",
      "id": "",
      "lastModifiedById": "0055g00000BDNwlAAH",
      "lastModifiedByName": "Megha Mane",
      "lastModifiedDate": "1970-01-01T00:00:00.000Z",
      "namespacePrefix": "",
      "type": "SharingRules"
    },
    {
      "createdById": "0055g00000BDNwlAAH",
      "createdByName": "Megha Mane",
      "createdDate": "1970-01-01T00:00:00.000Z",
      "fileName": "sharingRules/ReturnOrder.sharingRules",
      "fullName": "ReturnOrder",
      "id": "",
      "lastModifiedById": "0055g00000BDNwlAAH",
      "lastModifiedByName": "Megha Mane",
      "lastModifiedDate": "1970-01-01T00:00:00.000Z",
      "namespacePrefix": "",
      "type": "SharingRules"
    },
    {
      "createdById": "0055g00000BDNwlAAH",
      "createdByName": "Megha Mane",
      "createdDate": "1970-01-01T00:00:00.000Z",
      "fileName": "sharingRules/TodayGoal.sharingRules",
      "fullName": "TodayGoal",
      "id": "",
      "lastModifiedById": "0055g00000BDNwlAAH",
      "lastModifiedByName": "Megha Mane",
      "lastModifiedDate": "1970-01-01T00:00:00.000Z",
      "namespacePrefix": "",
      "type": "SharingRules"
    },
    {
      "createdById": "0055g00000BDNwlAAH",
      "createdByName": "Megha Mane",
      "createdDate": "1970-01-01T00:00:00.000Z",
      "fileName": "sharingRules/UserEmailPreferredPerson.sharingRules",
      "fullName": "UserEmailPreferredPerson",
      "id": "",
      "lastModifiedById": "0055g00000BDNwlAAH",
      "lastModifiedByName": "Megha Mane",
      "lastModifiedDate": "1970-01-01T00:00:00.000Z",
      "namespacePrefix": "",
      "type": "SharingRules"
    },
    {
      "createdById": "0055g00000BDNwlAAH",
      "createdByName": "Megha Mane",
      "createdDate": "1970-01-01T00:00:00.000Z",
      "fileName": "sharingRules/WorkType.sharingRules",
      "fullName": "WorkType",
      "id": "",
      "lastModifiedById": "0055g00000BDNwlAAH",
      "lastModifiedByName": "Megha Mane",
      "lastModifiedDate": "1970-01-01T00:00:00.000Z",
      "namespacePrefix": "",
      "type": "SharingRules"
    },
    {
      "createdById": "0055g00000BDuuxAAD",
      "createdByName": "Ashish Salunkhe",
      "createdDate": "2021-07-25T10:26:40.000Z",
      "fileName": "sharingRules/MetroLocation__c.sharingRules",
      "fullName": "MetroLocation__c",
      "id": "01I5g000000SXwyEAG",
      "lastModifiedById": "0055g00000BDuuxAAD",
      "lastModifiedByName": "Ashish Salunkhe",
      "lastModifiedDate": "2021-07-25T10:41:35.000Z",
      "manageableState": "unmanaged",
      "type": "SharingRules"
    },
    {
      "createdById": "0055g00000BDuuxAAD",
      "createdByName": "Ashish Salunkhe",
      "createdDate": "2021-07-25T11:00:26.000Z",
      "fileName": "sharingRules/MetroStationJunction__c.sharingRules",
      "fullName": "MetroStationJunction__c",
      "id": "01I5g000000SXxXEAW",
      "lastModifiedById": "0055g00000BDNwlAAH",
      "lastModifiedByName": "Megha Mane",
      "lastModifiedDate": "2021-07-26T18:00:53.000Z",
      "manageableState": "unmanaged",
      "type": "SharingRules"
    },
    {
      "createdById": "0055g00000BDNwlAAH",
      "createdByName": "Megha Mane",
      "createdDate": "1970-01-01T00:00:00.000Z",
      "fileName": "sharingRules/AssistantRecommendation.sharingRules",
      "fullName": "AssistantRecommendation",
      "id": "",
      "lastModifiedById": "0055g00000BDNwlAAH",
      "lastModifiedByName": "Megha Mane",
      "lastModifiedDate": "1970-01-01T00:00:00.000Z",
      "namespacePrefix": "",
      "type": "SharingRules"
    },
    {
      "createdById": "0055g00000BDNwlAAH",
      "createdByName": "Megha Mane",
      "createdDate": "1970-01-01T00:00:00.000Z",
      "fileName": "sharingRules/DelegatedAccount.sharingRules",
      "fullName": "DelegatedAccount",
      "id": "",
      "lastModifiedById": "0055g00000BDNwlAAH",
      "lastModifiedByName": "Megha Mane",
      "lastModifiedDate": "1970-01-01T00:00:00.000Z",
      "namespacePrefix": "",
      "type": "SharingRules"
    },
    {
      "createdById": "0055g00000BDNwlAAH",
      "createdByName": "Megha Mane",
      "createdDate": "2021-07-26T18:05:59.000Z",
      "fileName": "sharingRules/et4ae5__Configuration__c.sharingRules",
      "fullName": "et4ae5__Configuration__c",
      "id": "01I5g000000SZXtEAO",
      "lastModifiedById": "0055g00000BDNwlAAH",
      "lastModifiedByName": "Megha Mane",
      "lastModifiedDate": "2021-07-26T18:08:04.000Z",
      "manageableState": "installed",
      "namespacePrefix": "et4ae5",
      "type": "SharingRules"
    },
    {
      "createdById": "0055g00000BDNwlAAH",
      "createdByName": "Megha Mane",
      "createdDate": "1970-01-01T00:00:00.000Z",
      "fileName": "sharingRules/UserAppMenuCustomization.sharingRules",
      "fullName": "UserAppMenuCustomization",
      "id": "",
      "lastModifiedById": "0055g00000BDNwlAAH",
      "lastModifiedByName": "Megha Mane",
      "lastModifiedDate": "1970-01-01T00:00:00.000Z",
      "namespacePrefix": "",
      "type": "SharingRules"
    },
    {
      "createdById": "0055g00000BDNwlAAH",
      "createdByName": "Megha Mane",
      "createdDate": "1970-01-01T00:00:00.000Z",
      "fileName": "sharingRules/PendingServiceRouting.sharingRules",
      "fullName": "PendingServiceRouting",
      "id": "",
      "lastModifiedById": "0055g00000BDNwlAAH",
      "lastModifiedByName": "Megha Mane",
      "lastModifiedDate": "1970-01-01T00:00:00.000Z",
      "namespacePrefix": "",
      "type": "SharingRules"
    },
    {
      "createdById": "0055g00000BDNwlAAH",
      "createdByName": "Megha Mane",
      "createdDate": "1970-01-01T00:00:00.000Z",
      "fileName": "sharingRules/LiveAgentSession.sharingRules",
      "fullName": "LiveAgentSession",
      "id": "",
      "lastModifiedById": "0055g00000BDNwlAAH",
      "lastModifiedByName": "Megha Mane",
      "lastModifiedDate": "1970-01-01T00:00:00.000Z",
      "namespacePrefix": "",
      "type": "SharingRules"
    },
    {
      "createdById": "0055g00000BDNwlAAH",
      "createdByName": "Megha Mane",
      "createdDate": "1970-01-01T00:00:00.000Z",
      "fileName": "sharingRules/AlternativePaymentMethod.sharingRules",
      "fullName": "AlternativePaymentMethod",
      "id": "",
      "lastModifiedById": "0055g00000BDNwlAAH",
      "lastModifiedByName": "Megha Mane",
      "lastModifiedDate": "1970-01-01T00:00:00.000Z",
      "namespacePrefix": "",
      "type": "SharingRules"
    },
    {
      "createdById": "0055g00000BDNwlAAH",
      "createdByName": "Megha Mane",
      "createdDate": "1970-01-01T00:00:00.000Z",
      "fileName": "sharingRules/ActivityRecurrence2.sharingRules",
      "fullName": "ActivityRecurrence2",
      "id": "",
      "lastModifiedById": "0055g00000BDNwlAAH",
      "lastModifiedByName": "Megha Mane",
      "lastModifiedDate": "1970-01-01T00:00:00.000Z",
      "namespacePrefix": "",
      "type": "SharingRules"
    },
    {
      "createdById": "0055g00000BDNwlAAH",
      "createdByName": "Megha Mane",
      "createdDate": "1970-01-01T00:00:00.000Z",
      "fileName": "sharingRules/NotifDeliveryUserPref.sharingRules",
      "fullName": "NotifDeliveryUserPref",
      "id": "",
      "lastModifiedById": "0055g00000BDNwlAAH",
      "lastModifiedByName": "Megha Mane",
      "lastModifiedDate": "1970-01-01T00:00:00.000Z",
      "namespacePrefix": "",
      "type": "SharingRules"
    },
    {
      "createdById": "0055g00000BDNwlAAH",
      "createdByName": "Megha Mane",
      "createdDate": "1970-01-01T00:00:00.000Z",
      "fileName": "sharingRules/AssistantInteraction.sharingRules",
      "fullName": "AssistantInteraction",
      "id": "",
      "lastModifiedById": "0055g00000BDNwlAAH",
      "lastModifiedByName": "Megha Mane",
      "lastModifiedDate": "1970-01-01T00:00:00.000Z",
      "namespacePrefix": "",
      "type": "SharingRules"
    },
    {
      "createdById": "0055g00000BDNwlAAH",
      "createdByName": "Megha Mane",
      "createdDate": "1970-01-01T00:00:00.000Z",
      "fileName": "sharingRules/PartnerFundAllocation.sharingRules",
      "fullName": "PartnerFundAllocation",
      "id": "",
      "lastModifiedById": "0055g00000BDNwlAAH",
      "lastModifiedByName": "Megha Mane",
      "lastModifiedDate": "1970-01-01T00:00:00.000Z",
      "namespacePrefix": "",
      "type": "SharingRules"
    },
    {
      "createdById": "0055g00000BDNwlAAH",
      "createdByName": "Megha Mane",
      "createdDate": "2021-07-26T18:06:03.000Z",
      "fileName": "sharingRules/et4ae5__MC_CDC_Journey__c.sharingRules",
      "fullName": "et4ae5__MC_CDC_Journey__c",
      "id": "01I5g000000SZY7EAO",
      "lastModifiedById": "0055g00000BDNwlAAH",
      "lastModifiedByName": "Megha Mane",
      "lastModifiedDate": "2021-07-26T18:08:05.000Z",
      "manageableState": "installed",
      "namespacePrefix": "et4ae5",
      "type": "SharingRules"
    },
    {
      "createdById": "0055g00000BDNwlAAH",
      "createdByName": "Megha Mane",
      "createdDate": "1970-01-01T00:00:00.000Z",
      "fileName": "sharingRules/CreditMemo.sharingRules",
      "fullName": "CreditMemo",
      "id": "",
      "lastModifiedById": "0055g00000BDNwlAAH",
      "lastModifiedByName": "Megha Mane",
      "lastModifiedDate": "1970-01-01T00:00:00.000Z",
      "namespacePrefix": "",
      "type": "SharingRules"
    },
    {
      "createdById": "0055g00000BDNwlAAH",
      "createdByName": "Megha Mane",
      "createdDate": "1970-01-01T00:00:00.000Z",
      "fileName": "sharingRules/Order.sharingRules",
      "fullName": "Order",
      "id": "",
      "lastModifiedById": "0055g00000BDNwlAAH",
      "lastModifiedByName": "Megha Mane",
      "lastModifiedDate": "1970-01-01T00:00:00.000Z",
      "namespacePrefix": "",
      "type": "SharingRules"
    },
    {
      "createdById": "0055g00000BDNwlAAH",
      "createdByName": "Megha Mane",
      "createdDate": "1970-01-01T00:00:00.000Z",
      "fileName": "sharingRules/MacroUsage.sharingRules",
      "fullName": "MacroUsage",
      "id": "",
      "lastModifiedById": "0055g00000BDNwlAAH",
      "lastModifiedByName": "Megha Mane",
      "lastModifiedDate": "1970-01-01T00:00:00.000Z",
      "namespacePrefix": "",
      "type": "SharingRules"
    },
    {
      "createdById": "0055g00000BDNwlAAH",
      "createdByName": "Megha Mane",
      "createdDate": "1970-01-01T00:00:00.000Z",
      "fileName": "sharingRules/Macro.sharingRules",
      "fullName": "Macro",
      "id": "",
      "lastModifiedById": "0055g00000BDNwlAAH",
      "lastModifiedByName": "Megha Mane",
      "lastModifiedDate": "1970-01-01T00:00:00.000Z",
      "namespacePrefix": "",
      "type": "SharingRules"
    },
    {
      "createdById": "0055g00000BDNwlAAH",
      "createdByName": "Megha Mane",
      "createdDate": "2021-07-27T05:20:40.000Z",
      "fileName": "sharingRules/NearbyHospital__c.sharingRules",
      "fullName": "NearbyHospital__c",
      "id": "01I5g000000SavlEAC",
      "lastModifiedById": "0055g00000BDNwlAAH",
      "lastModifiedByName": "Megha Mane",
      "lastModifiedDate": "2021-07-27T05:20:40.000Z",
      "manageableState": "unmanaged",
      "type": "SharingRules"
    },
    {
      "createdById": "0055g00000BDNwlAAH",
      "createdByName": "Megha Mane",
      "createdDate": "1970-01-01T00:00:00.000Z",
      "fileName": "sharingRules/ExchangeUserMapping.sharingRules",
      "fullName": "ExchangeUserMapping",
      "id": "",
      "lastModifiedById": "0055g00000BDNwlAAH",
      "lastModifiedByName": "Megha Mane",
      "lastModifiedDate": "1970-01-01T00:00:00.000Z",
      "namespacePrefix": "",
      "type": "SharingRules"
    },
    {
      "createdById": "0055g00000BDNwlAAH",
      "createdByName": "Megha Mane",
      "createdDate": "1970-01-01T00:00:00.000Z",
      "fileName": "sharingRules/RecordMergeHistory.sharingRules",
      "fullName": "RecordMergeHistory",
      "id": "",
      "lastModifiedById": "0055g00000BDNwlAAH",
      "lastModifiedByName": "Megha Mane",
      "lastModifiedDate": "1970-01-01T00:00:00.000Z",
      "namespacePrefix": "",
      "type": "SharingRules"
    },
    {
      "createdById": "0055g00000BDNwlAAH",
      "createdByName": "Megha Mane",
      "createdDate": "1970-01-01T00:00:00.000Z",
      "fileName": "sharingRules/QuickText.sharingRules",
      "fullName": "QuickText",
      "id": "",
      "lastModifiedById": "0055g00000BDNwlAAH",
      "lastModifiedByName": "Megha Mane",
      "lastModifiedDate": "1970-01-01T00:00:00.000Z",
      "namespacePrefix": "",
      "type": "SharingRules"
    },
    {
      "createdById": "0055g00000BDNwlAAH",
      "createdByName": "Megha Mane",
      "createdDate": "1970-01-01T00:00:00.000Z",
      "fileName": "sharingRules/CalendarModel.sharingRules",
      "fullName": "CalendarModel",
      "id": "",
      "lastModifiedById": "0055g00000BDNwlAAH",
      "lastModifiedByName": "Megha Mane",
      "lastModifiedDate": "1970-01-01T00:00:00.000Z",
      "namespacePrefix": "",
      "type": "SharingRules"
    },
    {
      "createdById": "0055g00000BDNwlAAH",
      "createdByName": "Megha Mane",
      "createdDate": "1970-01-01T00:00:00.000Z",
      "fileName": "sharingRules/ExternalEventMapping.sharingRules",
      "fullName": "ExternalEventMapping",
      "id": "",
      "lastModifiedById": "0055g00000BDNwlAAH",
      "lastModifiedByName": "Megha Mane",
      "lastModifiedDate": "1970-01-01T00:00:00.000Z",
      "namespacePrefix": "",
      "type": "SharingRules"
    },
    {
      "createdById": "0055g00000BDNwlAAH",
      "createdByName": "Megha Mane",
      "createdDate": "1970-01-01T00:00:00.000Z",
      "fileName": "sharingRules/Account.sharingRules",
      "fullName": "Account",
      "id": "",
      "lastModifiedById": "0055g00000BDNwlAAH",
      "lastModifiedByName": "Megha Mane",
      "lastModifiedDate": "1970-01-01T00:00:00.000Z",
      "namespacePrefix": "",
      "type": "SharingRules"
    },
    {
      "createdById": "0055g00000BDNwlAAH",
      "createdByName": "Megha Mane",
      "createdDate": "1970-01-01T00:00:00.000Z",
      "fileName": "sharingRules/PromptAction.sharingRules",
      "fullName": "PromptAction",
      "id": "",
      "lastModifiedById": "0055g00000BDNwlAAH",
      "lastModifiedByName": "Megha Mane",
      "lastModifiedDate": "1970-01-01T00:00:00.000Z",
      "namespacePrefix": "",
      "type": "SharingRules"
    },
    {
      "createdById": "0055g00000BDNwlAAH",
      "createdByName": "Megha Mane",
      "createdDate": "1970-01-01T00:00:00.000Z",
      "fileName": "sharingRules/User.sharingRules",
      "fullName": "User",
      "id": "",
      "lastModifiedById": "0055g00000BDNwlAAH",
      "lastModifiedByName": "Megha Mane",
      "lastModifiedDate": "1970-01-01T00:00:00.000Z",
      "namespacePrefix": "",
      "type": "SharingRules"
    },
    {
      "createdById": "0055g00000BDNwlAAH",
      "createdByName": "Megha Mane",
      "createdDate": "2021-07-30T07:11:05.000Z",
      "fileName": "sharingRules/MetroMarketing__c.sharingRules",
      "fullName": "MetroMarketing__c",
      "id": "01I5g000000SfYHEA0",
      "lastModifiedById": "0055g00000BDNwlAAH",
      "lastModifiedByName": "Megha Mane",
      "lastModifiedDate": "2021-07-30T07:11:38.000Z",
      "manageableState": "unmanaged",
      "type": "SharingRules"
    },
    {
      "createdById": "0055g00000BDNwlAAH",
      "createdByName": "Megha Mane",
      "createdDate": "1970-01-01T00:00:00.000Z",
      "fileName": "sharingRules/NetworkMemberChunk.sharingRules",
      "fullName": "NetworkMemberChunk",
      "id": "",
      "lastModifiedById": "0055g00000BDNwlAAH",
      "lastModifiedByName": "Megha Mane",
      "lastModifiedDate": "1970-01-01T00:00:00.000Z",
      "namespacePrefix": "",
      "type": "SharingRules"
    },
    {
      "createdById": "0055g00000BDNwlAAH",
      "createdByName": "Megha Mane",
      "createdDate": "2021-07-26T18:06:03.000Z",
      "fileName": "sharingRules/et4ae5__SMSDefinition__c.sharingRules",
      "fullName": "et4ae5__SMSDefinition__c",
      "id": "01I5g000000SZY8EAO",
      "lastModifiedById": "0055g00000BDNwlAAH",
      "lastModifiedByName": "Megha Mane",
      "lastModifiedDate": "2021-07-26T18:08:05.000Z",
      "manageableState": "installed",
      "namespacePrefix": "et4ae5",
      "type": "SharingRules"
    },
    {
      "createdById": "0055g00000BDNwlAAH",
      "createdByName": "Megha Mane",
      "createdDate": "1970-01-01T00:00:00.000Z",
      "fileName": "sharingRules/AssistantProgress.sharingRules",
      "fullName": "AssistantProgress",
      "id": "",
      "lastModifiedById": "0055g00000BDNwlAAH",
      "lastModifiedByName": "Megha Mane",
      "lastModifiedDate": "1970-01-01T00:00:00.000Z",
      "namespacePrefix": "",
      "type": "SharingRules"
    },
    {
      "createdById": "0055g00000BDNwlAAH",
      "createdByName": "Megha Mane",
      "createdDate": "1970-01-01T00:00:00.000Z",
      "fileName": "sharingRules/OrgDeleteRequest.sharingRules",
      "fullName": "OrgDeleteRequest",
      "id": "",
      "lastModifiedById": "0055g00000BDNwlAAH",
      "lastModifiedByName": "Megha Mane",
      "lastModifiedDate": "1970-01-01T00:00:00.000Z",
      "namespacePrefix": "",
      "type": "SharingRules"
    },
    {
      "createdById": "0055g00000BDNwlAAH",
      "createdByName": "Megha Mane",
      "createdDate": "1970-01-01T00:00:00.000Z",
      "fileName": "sharingRules/ReportResultBlob.sharingRules",
      "fullName": "ReportResultBlob",
      "id": "",
      "lastModifiedById": "0055g00000BDNwlAAH",
      "lastModifiedByName": "Megha Mane",
      "lastModifiedDate": "1970-01-01T00:00:00.000Z",
      "namespacePrefix": "",
      "type": "SharingRules"
    },
    {
      "createdById": "0055g00000BDNwlAAH",
      "createdByName": "Megha Mane",
      "createdDate": "1970-01-01T00:00:00.000Z",
      "fileName": "sharingRules/ChannelProgram.sharingRules",
      "fullName": "ChannelProgram",
      "id": "",
      "lastModifiedById": "0055g00000BDNwlAAH",
      "lastModifiedByName": "Megha Mane",
      "lastModifiedDate": "1970-01-01T00:00:00.000Z",
      "namespacePrefix": "",
      "type": "SharingRules"
    },
    {
      "createdById": "0055g00000BDNwlAAH",
      "createdByName": "Megha Mane",
      "createdDate": "1970-01-01T00:00:00.000Z",
      "fileName": "sharingRules/PartyConsent.sharingRules",
      "fullName": "PartyConsent",
      "id": "",
      "lastModifiedById": "0055g00000BDNwlAAH",
      "lastModifiedByName": "Megha Mane",
      "lastModifiedDate": "1970-01-01T00:00:00.000Z",
      "namespacePrefix": "",
      "type": "SharingRules"
    },
    {
      "createdById": "0055g00000BDNwlAAH",
      "createdByName": "Megha Mane",
      "createdDate": "1970-01-01T00:00:00.000Z",
      "fileName": "sharingRules/CalendarView.sharingRules",
      "fullName": "CalendarView",
      "id": "",
      "lastModifiedById": "0055g00000BDNwlAAH",
      "lastModifiedByName": "Megha Mane",
      "lastModifiedDate": "1970-01-01T00:00:00.000Z",
      "namespacePrefix": "",
      "type": "SharingRules"
    },
    {
      "createdById": "0055g00000BDNwlAAH",
      "createdByName": "Megha Mane",
      "createdDate": "1970-01-01T00:00:00.000Z",
      "fileName": "sharingRules/ListEmail.sharingRules",
      "fullName": "ListEmail",
      "id": "",
      "lastModifiedById": "0055g00000BDNwlAAH",
      "lastModifiedByName": "Megha Mane",
      "lastModifiedDate": "1970-01-01T00:00:00.000Z",
      "namespacePrefix": "",
      "type": "SharingRules"
    },
    {
      "createdById": "0055g00000BDNwlAAH",
      "createdByName": "Megha Mane",
      "createdDate": "1970-01-01T00:00:00.000Z",
      "fileName": "sharingRules/ServiceContract.sharingRules",
      "fullName": "ServiceContract",
      "id": "",
      "lastModifiedById": "0055g00000BDNwlAAH",
      "lastModifiedByName": "Megha Mane",
      "lastModifiedDate": "1970-01-01T00:00:00.000Z",
      "namespacePrefix": "",
      "type": "SharingRules"
    },
    {
      "createdById": "0055g00000BDNwlAAH",
      "createdByName": "Megha Mane",
      "createdDate": "1970-01-01T00:00:00.000Z",
      "fileName": "sharingRules/PromptError.sharingRules",
      "fullName": "PromptError",
      "id": "",
      "lastModifiedById": "0055g00000BDNwlAAH",
      "lastModifiedByName": "Megha Mane",
      "lastModifiedDate": "1970-01-01T00:00:00.000Z",
      "namespacePrefix": "",
      "type": "SharingRules"
    }
  ]
}
