{
  "status": 0,
  "result": [
    {
      "createdById": "0055g00000BDNwlAAH",
      "createdByName": "Megha Mane",
      "createdDate": "2021-07-26T18:05:43.000Z",
      "fileName": "staticresources/et4ae5__desert_svg.resource",
      "fullName": "et4ae5__desert_svg",
      "id": "0815g000000EVzFAAW",
      "lastModifiedById": "0055g00000BDNwlAAH",
      "lastModifiedByName": "Megha Mane",
      "lastModifiedDate": "2021-07-26T18:05:43.000Z",
      "manageableState": "installed",
      "namespacePrefix": "et4ae5",
      "type": "StaticResource"
    },
    {
      "createdById": "0055g00000BDNwlAAH",
      "createdByName": "Megha Mane",
      "createdDate": "2021-07-26T18:05:38.000Z",
      "fileName": "staticresources/et4ae5__ExactTargetStyles.resource",
      "fullName": "et4ae5__ExactTargetStyles",
      "id": "0815g000000EVz3AAG",
      "lastModifiedById": "0055g00000BDNwlAAH",
      "lastModifiedByName": "Megha Mane",
      "lastModifiedDate": "2021-07-26T18:05:38.000Z",
      "manageableState": "installed",
      "namespacePrefix": "et4ae5",
      "type": "StaticResource"
    },
    {
      "createdById": "0055g00000BDNwlAAH",
      "createdByName": "Megha Mane",
      "createdDate": "2021-07-24T05:09:34.000Z",
      "fileName": "staticresources/Logo.resource",
      "fullName": "Logo",
      "id": "0815g000000EURwAAO",
      "lastModifiedById": "0055g00000BDNwlAAH",
      "lastModifiedByName": "Megha Mane",
      "lastModifiedDate": "2021-07-24T05:09:34.000Z",
      "manageableState": "unmanaged",
      "type": "StaticResource"
    },
    {
      "createdById": "0055g00000BDNwlAAH",
      "createdByName": "Megha Mane",
      "createdDate": "2021-07-26T18:05:44.000Z",
      "fileName": "staticresources/et4ae5__jQueryUISlider.resource",
      "fullName": "et4ae5__jQueryUISlider",
      "id": "0815g000000EVzJAAW",
      "lastModifiedById": "0055g00000BDNwlAAH",
      "lastModifiedByName": "Megha Mane",
      "lastModifiedDate": "2021-07-26T18:05:44.000Z",
      "manageableState": "installed",
      "namespacePrefix": "et4ae5",
      "type": "StaticResource"
    },
    {
      "createdById": "0055g00000BDNwlAAH",
      "createdByName": "Megha Mane",
      "createdDate": "2021-07-26T18:05:44.000Z",
      "fileName": "staticresources/et4ae5__jQueryUI.resource",
      "fullName": "et4ae5__jQueryUI",
      "id": "0815g000000EVzIAAW",
      "lastModifiedById": "0055g00000BDNwlAAH",
      "lastModifiedByName": "Megha Mane",
      "lastModifiedDate": "2021-07-26T18:05:44.000Z",
      "manageableState": "installed",
      "namespacePrefix": "et4ae5",
      "type": "StaticResource"
    },
    {
      "createdById": "0055g00000BDNwlAAH",
      "createdByName": "Megha Mane",
      "createdDate": "2021-07-26T18:05:38.000Z",
      "fileName": "staticresources/et4ae5__NoAccess2_svg.resource",
      "fullName": "et4ae5__NoAccess2_svg",
      "id": "0815g000000EVz7AAG",
      "lastModifiedById": "0055g00000BDNwlAAH",
      "lastModifiedByName": "Megha Mane",
      "lastModifiedDate": "2021-07-26T18:05:38.000Z",
      "manageableState": "installed",
      "namespacePrefix": "et4ae5",
      "type": "StaticResource"
    },
    {
      "createdById": "0055g00000BDNwlAAH",
      "createdByName": "Megha Mane",
      "createdDate": "2021-07-26T18:05:43.000Z",
      "fileName": "staticresources/et4ae5__componentStyles.resource",
      "fullName": "et4ae5__componentStyles",
      "id": "0815g000000EVzEAAW",
      "lastModifiedById": "0055g00000BDNwlAAH",
      "lastModifiedByName": "Megha Mane",
      "lastModifiedDate": "2021-07-26T18:05:43.000Z",
      "manageableState": "installed",
      "namespacePrefix": "et4ae5",
      "type": "StaticResource"
    },
    {
      "createdById": "0055g00000BDNwlAAH",
      "createdByName": "Megha Mane",
      "createdDate": "2021-07-26T18:05:38.000Z",
      "fileName": "staticresources/et4ae5__JB_Icon.resource",
      "fullName": "et4ae5__JB_Icon",
      "id": "0815g000000EVz4AAG",
      "lastModifiedById": "0055g00000BDNwlAAH",
      "lastModifiedByName": "Megha Mane",
      "lastModifiedDate": "2021-07-26T18:05:38.000Z",
      "manageableState": "installed",
      "namespacePrefix": "et4ae5",
      "type": "StaticResource"
    },
    {
      "createdById": "0055g00000BDNwlAAH",
      "createdByName": "Megha Mane",
      "createdDate": "2021-07-26T18:05:38.000Z",
      "fileName": "staticresources/et4ae5__ExactTargetImages.resource",
      "fullName": "et4ae5__ExactTargetImages",
      "id": "0815g000000EVz2AAG",
      "lastModifiedById": "0055g00000BDNwlAAH",
      "lastModifiedByName": "Megha Mane",
      "lastModifiedDate": "2021-07-26T18:05:38.000Z",
      "manageableState": "installed",
      "namespacePrefix": "et4ae5",
      "type": "StaticResource"
    },
    {
      "createdById": "0055g00000BDNwlAAH",
      "createdByName": "Megha Mane",
      "createdDate": "2021-07-26T18:05:44.000Z",
      "fileName": "staticresources/et4ae5__jQuery.resource",
      "fullName": "et4ae5__jQuery",
      "id": "0815g000000EVzHAAW",
      "lastModifiedById": "0055g00000BDNwlAAH",
      "lastModifiedByName": "Megha Mane",
      "lastModifiedDate": "2021-07-26T18:05:44.000Z",
      "manageableState": "installed",
      "namespacePrefix": "et4ae5",
      "type": "StaticResource"
    },
    {
      "createdById": "0055g00000BDNwlAAH",
      "createdByName": "Megha Mane",
      "createdDate": "2021-07-26T18:05:44.000Z",
      "fileName": "staticresources/et4ae5__fuelUX.resource",
      "fullName": "et4ae5__fuelUX",
      "id": "0815g000000EVzGAAW",
      "lastModifiedById": "0055g00000BDNwlAAH",
      "lastModifiedByName": "Megha Mane",
      "lastModifiedDate": "2021-07-26T18:05:44.000Z",
      "manageableState": "installed",
      "namespacePrefix": "et4ae5",
      "type": "StaticResource"
    },
    {
      "createdById": "0055g00000BDNwlAAH",
      "createdByName": "Megha Mane",
      "createdDate": "2021-07-26T18:05:40.000Z",
      "fileName": "staticresources/et4ae5__bootstrap.resource",
      "fullName": "et4ae5__bootstrap",
      "id": "0815g000000EVzDAAW",
      "lastModifiedById": "0055g00000BDNwlAAH",
      "lastModifiedByName": "Megha Mane",
      "lastModifiedDate": "2021-07-26T18:05:40.000Z",
      "manageableState": "installed",
      "namespacePrefix": "et4ae5",
      "type": "StaticResource"
    },
    {
      "createdById": "0055g00000BDNwlAAH",
      "createdByName": "Megha Mane",
      "createdDate": "2021-07-26T18:05:38.000Z",
      "fileName": "staticresources/et4ae5__RequiredField.resource",
      "fullName": "et4ae5__RequiredField",
      "id": "0815g000000EVz8AAG",
      "lastModifiedById": "0055g00000BDNwlAAH",
      "lastModifiedByName": "Megha Mane",
      "lastModifiedDate": "2021-07-26T18:05:38.000Z",
      "manageableState": "installed",
      "namespacePrefix": "et4ae5",
      "type": "StaticResource"
    },
    {
      "createdById": "0055g00000BDNwlAAH",
      "createdByName": "Megha Mane",
      "createdDate": "2021-07-26T18:05:38.000Z",
      "fileName": "staticresources/et4ae5__LightningMarketingCloudStyles.resource",
      "fullName": "et4ae5__LightningMarketingCloudStyles",
      "id": "0815g000000EVz5AAG",
      "lastModifiedById": "0055g00000BDNwlAAH",
      "lastModifiedByName": "Megha Mane",
      "lastModifiedDate": "2021-07-26T18:05:38.000Z",
      "manageableState": "installed",
      "namespacePrefix": "et4ae5",
      "type": "StaticResource"
    },
    {
      "createdById": "0055g00000BDNwlAAH",
      "createdByName": "Megha Mane",
      "createdDate": "2021-07-26T18:05:44.000Z",
      "fileName": "staticresources/et4ae5__modStyle.resource",
      "fullName": "et4ae5__modStyle",
      "id": "0815g000000EVzKAAW",
      "lastModifiedById": "0055g00000BDNwlAAH",
      "lastModifiedByName": "Megha Mane",
      "lastModifiedDate": "2021-07-26T18:05:44.000Z",
      "manageableState": "installed",
      "namespacePrefix": "et4ae5",
      "type": "StaticResource"
    },
    {
      "createdById": "0055g00000BDNwlAAH",
      "createdByName": "Megha Mane",
      "createdDate": "2021-07-23T14:51:09.000Z",
      "fileName": "staticresources/SiteSamples.resource",
      "fullName": "SiteSamples",
      "id": "0815g000000EULeAAO",
      "lastModifiedById": "0055g00000BDNwlAAH",
      "lastModifiedByName": "Megha Mane",
      "lastModifiedDate": "2021-07-23T14:51:09.000Z",
      "manageableState": "unmanaged",
      "type": "StaticResource"
    },
    {
      "createdById": "0055g00000BDNwlAAH",
      "createdByName": "Megha Mane",
      "createdDate": "2021-07-30T10:08:13.000Z",
      "fileName": "staticresources/PuneMetroImage.resource",
      "fullName": "PuneMetroImage",
      "id": "0815g000000EYw8AAG",
      "lastModifiedById": "0055g00000BDNwlAAH",
      "lastModifiedByName": "Megha Mane",
      "lastModifiedDate": "2021-07-30T10:08:13.000Z",
      "manageableState": "unmanaged",
      "type": "StaticResource"
    },
    {
      "createdById": "0055g00000BDNwlAAH",
      "createdByName": "Megha Mane",
      "createdDate": "2021-07-26T18:05:38.000Z",
      "fileName": "staticresources/et4ae5__RequiredFieldG.resource",
      "fullName": "et4ae5__RequiredFieldG",
      "id": "0815g000000EVz9AAG",
      "lastModifiedById": "0055g00000BDNwlAAH",
      "lastModifiedByName": "Megha Mane",
      "lastModifiedDate": "2021-07-26T18:05:38.000Z",
      "manageableState": "installed",
      "namespacePrefix": "et4ae5",
      "type": "StaticResource"
    },
    {
      "createdById": "0055g00000BDNwlAAH",
      "createdByName": "Megha Mane",
      "createdDate": "2021-07-26T18:05:40.000Z",
      "fileName": "staticresources/et4ae5__SLDS100.resource",
      "fullName": "et4ae5__SLDS100",
      "id": "0815g000000EVzAAAW",
      "lastModifiedById": "0055g00000BDNwlAAH",
      "lastModifiedByName": "Megha Mane",
      "lastModifiedDate": "2021-07-26T18:05:40.000Z",
      "manageableState": "installed",
      "namespacePrefix": "et4ae5",
      "type": "StaticResource"
    },
    {
      "createdById": "0055g00000BDNwlAAH",
      "createdByName": "Megha Mane",
      "createdDate": "2021-07-26T18:05:40.000Z",
      "fileName": "staticresources/et4ae5__Typeahead.resource",
      "fullName": "et4ae5__Typeahead",
      "id": "0815g000000EVzCAAW",
      "lastModifiedById": "0055g00000BDNwlAAH",
      "lastModifiedByName": "Megha Mane",
      "lastModifiedDate": "2021-07-26T18:05:40.000Z",
      "manageableState": "installed",
      "namespacePrefix": "et4ae5",
      "type": "StaticResource"
    },
    {
      "createdById": "0055g00000BDNwlAAH",
      "createdByName": "Megha Mane",
      "createdDate": "2021-07-26T18:05:40.000Z",
      "fileName": "staticresources/et4ae5__Tooltips.resource",
      "fullName": "et4ae5__Tooltips",
      "id": "0815g000000EVzBAAW",
      "lastModifiedById": "0055g00000BDNwlAAH",
      "lastModifiedByName": "Megha Mane",
      "lastModifiedDate": "2021-07-26T18:05:40.000Z",
      "manageableState": "installed",
      "namespacePrefix": "et4ae5",
      "type": "StaticResource"
    },
    {
      "createdById": "0055g00000BDNwlAAH",
      "createdByName": "Megha Mane",
      "createdDate": "2021-07-26T18:05:38.000Z",
      "fileName": "staticresources/et4ae5__MciLogin.resource",
      "fullName": "et4ae5__MciLogin",
      "id": "0815g000000EVz6AAG",
      "lastModifiedById": "0055g00000BDNwlAAH",
      "lastModifiedByName": "Megha Mane",
      "lastModifiedDate": "2021-07-26T18:05:38.000Z",
      "manageableState": "installed",
      "namespacePrefix": "et4ae5",
      "type": "StaticResource"
    },
    {
      "createdById": "0055g00000BDuuxAAD",
      "createdByName": "Ashish Salunkhe",
      "createdDate": "2021-07-24T19:25:34.000Z",
      "fileName": "staticresources/MahaMetroLinkLogo.resource",
      "fullName": "MahaMetroLinkLogo",
      "id": "0815g000000EVNNAA4",
      "lastModifiedById": "0055g00000BDuuxAAD",
      "lastModifiedByName": "Ashish Salunkhe",
      "lastModifiedDate": "2021-07-24T19:25:34.000Z",
      "manageableState": "unmanaged",
      "type": "StaticResource"
    },
    {
      "createdById": "0055g00000BDNwlAAH",
      "createdByName": "Megha Mane",
      "createdDate": "2021-07-26T18:05:44.000Z",
      "fileName": "staticresources/et4ae5__uxds.resource",
      "fullName": "et4ae5__uxds",
      "id": "0815g000000EVzLAAW",
      "lastModifiedById": "0055g00000BDNwlAAH",
      "lastModifiedByName": "Megha Mane",
      "lastModifiedDate": "2021-07-26T18:05:44.000Z",
      "manageableState": "installed",
      "namespacePrefix": "et4ae5",
      "type": "StaticResource"
    },
    {
      "createdById": "0055g00000BDNwlAAH",
      "createdByName": "Megha Mane",
      "createdDate": "2021-07-24T06:27:37.000Z",
      "fileName": "staticresources/AgentAvatar.resource",
      "fullName": "AgentAvatar",
      "id": "0815g000000EUSQAA4",
      "lastModifiedById": "0055g00000BDNwlAAH",
      "lastModifiedByName": "Megha Mane",
      "lastModifiedDate": "2021-07-24T06:27:37.000Z",
      "manageableState": "unmanaged",
      "type": "StaticResource"
    }
  ]
}
