{
  "status": 0,
  "result": [
    {
      "createdById": "0055g00000BDuuxAAD",
      "createdByName": "Ashish Salunkhe",
      "createdDate": "2021-08-01T09:04:57.000Z",
      "fileName": "Workflow/MetroWallet__c.workflow",
      "fullName": "MetroWallet__c",
      "id": "01I5g000000SgjXEAS",
      "lastModifiedById": "0055g00000BDuuxAAD",
      "lastModifiedByName": "Ashish Salunkhe",
      "lastModifiedDate": "2021-08-01T09:18:48.000Z",
      "manageableState": "unmanaged",
      "type": "Workflow"
    },
    {
      "createdById": "0055g00000BDNwlAAH",
      "createdByName": "Megha Mane",
      "createdDate": "2021-07-26T18:05:59.000Z",
      "fileName": "Workflow/et4ae5__Automated_Send__c.workflow",
      "fullName": "et4ae5__Automated_Send__c",
      "id": "01I5g000000SZXqEAO",
      "lastModifiedById": "0055g00000BDNwlAAH",
      "lastModifiedByName": "Megha Mane",
      "lastModifiedDate": "2021-07-26T18:08:03.000Z",
      "manageableState": "installed",
      "namespacePrefix": "et4ae5",
      "type": "Workflow"
    },
    {
      "createdById": "0055g00000BDNwlAAH",
      "createdByName": "Megha Mane",
      "createdDate": "2021-07-26T18:05:59.000Z",
      "fileName": "Workflow/et4ae5__IndividualEmailResult__c.workflow",
      "fullName": "et4ae5__IndividualEmailResult__c",
      "id": "01I5g000000SZY1EAO",
      "lastModifiedById": "0055g00000BDNwlAAH",
      "lastModifiedByName": "Megha Mane",
      "lastModifiedDate": "2021-07-26T18:08:05.000Z",
      "manageableState": "installed",
      "namespacePrefix": "et4ae5",
      "type": "Workflow"
    },
    {
      "createdById": "0055g00000BDNwlAAH",
      "createdByName": "Megha Mane",
      "createdDate": "1970-01-01T00:00:00.000Z",
      "fileName": "workflows/Case.workflow",
      "fullName": "Case",
      "id": "",
      "lastModifiedById": "0055g00000BDNwlAAH",
      "lastModifiedByName": "Megha Mane",
      "lastModifiedDate": "1970-01-01T00:00:00.000Z",
      "namespacePrefix": "",
      "type": "Workflow"
    },
    {
      "createdById": "0055g00000BDNwlAAH",
      "createdByName": "Megha Mane",
      "createdDate": "2021-07-26T18:06:03.000Z",
      "fileName": "Workflow/et4ae5__SMSDefinition__c.workflow",
      "fullName": "et4ae5__SMSDefinition__c",
      "id": "01I5g000000SZY8EAO",
      "lastModifiedById": "0055g00000BDNwlAAH",
      "lastModifiedByName": "Megha Mane",
      "lastModifiedDate": "2021-07-26T18:08:05.000Z",
      "manageableState": "installed",
      "namespacePrefix": "et4ae5",
      "type": "Workflow"
    },
    {
      "createdById": "0055g00000BDNwlAAH",
      "createdByName": "Megha Mane",
      "createdDate": "2021-07-26T18:06:03.000Z",
      "fileName": "Workflow/et4ae5__SendDefinition__c.workflow",
      "fullName": "et4ae5__SendDefinition__c",
      "id": "01I5g000000SZYAEA4",
      "lastModifiedById": "0055g00000BDNwlAAH",
      "lastModifiedByName": "Megha Mane",
      "lastModifiedDate": "2021-07-26T18:08:06.000Z",
      "manageableState": "installed",
      "namespacePrefix": "et4ae5",
      "type": "Workflow"
    },
    {
      "createdById": "0055g00000BDNwlAAH",
      "createdByName": "Megha Mane",
      "createdDate": "2021-07-26T18:06:03.000Z",
      "fileName": "Workflow/et4ae5__SupportRequest__c.workflow",
      "fullName": "et4ae5__SupportRequest__c",
      "id": "01I5g000000SZYCEA4",
      "lastModifiedById": "0055g00000BDNwlAAH",
      "lastModifiedByName": "Megha Mane",
      "lastModifiedDate": "2021-07-26T18:08:06.000Z",
      "manageableState": "installed",
      "namespacePrefix": "et4ae5",
      "type": "Workflow"
    }
  ]
}
